{"stats":{"minecraft:mined":{"minecraft:yellow_terracotta":13,"minecraft:ladder":1,"minecraft:grass_block":3,"minecraft:cracked_polished_blackstone_bricks":1,"minecraft:spruce_leaves":3,"minecraft:moss_block":1,"biomesoplenty:pus_bubble":2,"minecraft:spawner":1,"minecraft:large_fern":10,"minecraft:polished_blackstone_bricks":3,"minecraft:glowstone":7,"minecraft:furnace":2,"minecraft:red_nether_brick_stairs":1,"minecraft:iron_ore":6,"minecraft:fire":10,"minecraft:green_terracotta":7,"treechop:chopped_log":5,"biomesoplenty:flesh":14,"minecraft:gold_block":2,"minecraft:twisting_vines":1,"minecraft:iron_bars":1,"minecraft:packed_ice":2,"minecraft:chorus_plant":1,"biomesoplenty:porous_flesh":1,"brewery:wild_hops":3,"minecraft:cyan_terracotta":1,"minecraft:magenta_wall_banner":1,"minecraft:basalt":14,"minecraft:crafting_table":2,"biomesoplenty:fir_planks":2,"minecraft:tall_grass":1,"minecraft:cobblestone":23,"minecraft:slime_block":8,"minecraft:polished_blackstone_brick_stairs":3,"minecraft:purple_bed":2,"biomesoplenty:hair":2,"minecraft:ice":5,"minecraft:sweet_berry_bush":16,"minecraft:white_carpet":1,"minecraft:light_gray_wool":1,"biomesoplenty:fir_log":11,"minecraft:stone_brick_stairs":1,"minecraft:smooth_stone_slab":3,"minecraft:grass":5,"minecraft:lime_terracotta":27,"minecraft:cobweb":4,"minecraft:stone_bricks":4,"minecraft:netherrack":176,"minecraft:mossy_stone_bricks":2,"minecraft:fern":4},"minecraft:custom":{"lootr:looted_stat":57,"minecraft:mob_kills":75,"minecraft:interact_with_crafting_table":7,"minecraft:open_barrel":34,"minecraft:damage_dealt_resisted":195,"minecraft:leave_game":1,"minecraft:time_since_death":8417,"minecraft:climb_one_cm":3481,"minecraft:sprint_one_cm":1009968,"minecraft:walk_one_cm":799382,"minecraft:damage_blocked_by_shield":2423,"minecraft:drop":111,"minecraft:damage_dealt_absorbed":361,"minecraft:play_time":182669,"minecraft:deaths":40,"minecraft:sneak_time":4217,"minecraft:walk_under_water_one_cm":50654,"minecraft:jump":4724,"minecraft:walk_on_water_one_cm":90536,"minecraft:total_world_time":182669,"minecraft:interact_with_furnace":7,"tombstone:raider_killed":9,"minecraft:sleep_in_bed":1,"minecraft:time_since_rest":8197,"minecraft:damage_absorbed":80,"minecraft:damage_taken":16725,"minecraft:damage_dealt":16494,"minecraft:swim_one_cm":202448,"minecraft:fly_one_cm":1768837,"minecraft:open_chest":33,"minecraft:crouch_one_cm":26324,"tombstone:undead_killed":18,"minecraft:fall_one_cm":145293},"minecraft:dropped":{"minecraft:iron_ingot":6,"minecraft:iron_sword":3,"minecraft:wheat_seeds":1,"minecraft:ender_pearl":1,"aquamirae:shell_horn":2,"minecraft:lime_terracotta":42,"minecraft:cobblestone":1,"minecraft:feather":2,"minecraft:iron_helmet":1,"minecraft:glow_berries":3,"brewery:corn_seeds":3,"minecraft:stick":1,"tombstone:grave_key":1,"tombstone:grave_dust":1,"minecraft:bone_meal":1,"minecraft:bone":6,"simplyswords:diamond_greataxe":2,"minecraft:stone_sword":2,"tombstone:gift":3,"born_in_chaos_v1:ethereal_spirit":1,"minecraft:white_carpet":1,"minecraft:rotten_flesh":8,"minecraft:blaze_powder":24,"patchouli:guide_book":1,"minecraft:diamond_sword":2,"gnumus:gnumus_doubloons":3,"born_in_chaos_v1:seedof_chaos":2,"minecraft:bundle":1,"minecraft:iron_chestplate":1,"brewery:hops_seeds":3,"explorerscompass:explorerscompass":1,"minecraft:spruce_slab":1,"minecraft:basalt":1,"minecraft:bow":1,"minecraft:arrow":21,"minecraft:beef":1,"iammusicplayer:cassette_tape":1,"aquamirae:sharp_bones":2,"epicfight:skillbook":2,"born_in_chaos_v1:dark_rod":2},"minecraft:killed":{"born_in_chaos_v1:zombie_lumberjack":1,"minecraft:vindicator":6,"born_in_chaos_v1:siamese_skeletonsright":1,"born_in_chaos_v1:baby_skeleton_minion":2,"minecraft:skeleton":4,"gnumus:gnumus_worker":1,"minecraft:chicken":1,"minecraft:drowned":1,"minecraft:piglin_brute":1,"gnumus:gnumus_hunter_not_dispawn":1,"minecraft:magma_cube":1,"minecraft:piglin":3,"born_in_chaos_v1:bonescaller":1,"epicsamurai:akaname":1,"minecraft:hoglin":3,"minecraft:creeper":1,"alexsmobs:crimson_mosquito":2,"born_in_chaos_v1:decrepit_skeleton":1,"gnumus:gnumus_merchant":1,"minecraft:sheep":7,"minecraft:pillager":3,"minecraft:zombie":5,"born_in_chaos_v1:corpse_fly":1,"born_in_chaos_v1:dark_vortex":1,"minecraft:wither_skeleton":1,"minecraft:blaze":20,"born_in_chaos_v1:siamese_skeletonsleft":1},"minecraft:picked_up":{"minecraft:crafting_table":3,"minecraft:iron_chestplate":1,"minecraft:chicken":1,"born_in_chaos_v1:seedof_chaos":2,"biomesoplenty:flesh":13,"minecraft:diamond_sword":2,"minecraft:gold_block":2,"minecraft:stone_brick_stairs":1,"tombstone:grave_key":1,"aether:leather_gloves":1,"minecraft:polished_blackstone_brick_stairs":2,"aquamirae:sharp_bones":2,"minecraft:string":4,"minecraft:smooth_stone_slab":3,"minecraft:flint_and_steel":1,"minecraft:white_carpet":1,"minecraft:blackstone":7,"alexsmobs:blood_sac":2,"minecraft:gold_nugget":5,"biomesoplenty:fir_planks":2,"minecraft:spruce_planks":1,"gnumus:packaged_goods":2,"minecraft:beef":2,"epicsamurai:akaname_tongue":1,"minecraft:ender_eye":1,"minecraft:spruce_slab":1,"minecraft:furnace":2,"minecraft:end_stone":76,"minecraft:torch":2,"aquamirae:shell_horn":3,"simplyswords:diamond_greataxe":2,"minecraft:porkchop":6,"epicfight:skillbook":2,"minecraft:polished_blackstone_bricks":4,"minecraft:stone_button":1,"tombstone:grave_dust":1,"iammusicplayer:cassette_tape":1,"minecraft:green_terracotta":7,"minecraft:stone_sword":2,"minecraft:arrow":4,"minecraft:rotten_flesh":9,"minecraft:pumpkin_pie":1,"minecraft:cyan_terracotta":1,"minecraft:yellow_terracotta":9,"minecraft:blaze_rod":11,"minecraft:glow_berries":3,"minecraft:mutton":7,"minecraft:blaze_powder":4,"minecraft:white_wool":7,"minecraft:cobblestone":71,"born_in_chaos_v1:fused_bone":1,"brewery:dumplings":8,"minecraft:basalt":27,"gnumus:gnumus_doubloons":3,"minecraft:feather":2,"minecraft:magenta_banner":1,"minecraft:leather":2,"minecraft:potato":2,"biomesoplenty:fir_log":15,"brewery:corn_seeds":3,"minecraft:dirt":1,"tombstone:gift":2,"minecraft:white_banner":1,"brewery:hops_seeds":3,"minecraft:leather_boots":1,"minecraft:bone":16,"minecraft:stone_bricks":6,"minecraft:wheat_seeds":2,"aquamirae:wisteria_niveis":1,"minecraft:iron_ingot":1,"minecraft:mossy_stone_bricks":1,"minecraft:glowstone_dust":23,"minecraft:iron_sword":3,"minecraft:sweet_berries":2,"born_in_chaos_v1:ethereal_spirit":1,"minecraft:lime_terracotta":57,"born_in_chaos_v1:dark_rod":2,"biomesoplenty:porous_flesh":1,"minecraft:spruce_log":4,"minecraft:bundle":1,"beachparty:rubber_ring_pelican":1,"minecraft:purple_bed":2,"minecraft:slime_ball":2,"minecraft:slime_block":10,"minecraft:cracked_polished_blackstone_bricks":1,"minecraft:bone_meal":1,"minecraft:emerald":11,"minecraft:baked_potato":3,"minecraft:chorus_fruit":4,"minecraft:netherrack":161,"minecraft:ender_pearl":2},"minecraft:broken":{"minecraft:leather_boots":1,"minecraft:iron_pickaxe":2,"minecraft:iron_helmet":1},"minecraft:used":{"minecraft:shield":27,"minecraft:spruce_planks":16,"minecraft:iron_sword":81,"minecraft:netherrack":161,"minecraft:green_terracotta":7,"minecraft:iron_chestplate":2,"minecraft:torch":2,"minecraft:dirt":1,"minecraft:mutton":7,"brewery:dumplings":12,"minecraft:obsidian":11,"minecraft:spruce_wood":4,"minecraft:slime_block":7,"minecraft:iron_helmet":3,"minecraft:stone_bricks":2,"minecraft:diamond_chestplate":1,"minecraft:glowstone":3,"minecraft:basalt":23,"minecraft:bow":6,"minecraft:beef":1,"minecraft:sweet_berries":2,"minecraft:furnace":2,"minecraft:potato":3,"minecraft:iron_leggings":3,"biomesoplenty:flesh":13,"minecraft:mossy_stone_bricks":1,"epicfight:skillbook":9,"minecraft:chorus_fruit":3,"minecraft:baked_potato":8,"minecraft:blackstone":7,"biomesoplenty:fir_planks":52,"minecraft:diamond_axe":10,"minecraft:polished_blackstone_bricks":4,"minecraft:golden_apple":2,"simplyswords:diamond_greataxe":122,"minecraft:lime_terracotta":16,"minecraft:yellow_terracotta":1,"minecraft:crafting_table":2,"minecraft:cod":13,"minecraft:end_stone":69,"minecraft:ender_eye":3,"wom:emerald_tasset":4,"minecraft:apple":14,"minecraft:stone_button":1,"wom:emerald_chakra":2,"minecraft:cracked_polished_blackstone_bricks":1,"biomesoplenty:porous_flesh":1,"minecraft:bread":14,"minecraft:iron_pickaxe":294,"tombstone:grave_key":24,"farmersdelight:ham":4,"minecraft:fire_charge":1,"minecraft:diamond_sword":164,"minecraft:cobblestone":62,"minecraft:end_crystal":1,"minecraft:purple_bed":2,"minecraft:porkchop":10,"minecraft:pumpkin_pie":2,"alexsmobs:animal_dictionary":1,"beachparty:rubber_ring_pelican":1},"minecraft:crafted":{"minecraft:blaze_powder":22,"minecraft:furnace":1,"minecraft:ender_eye":2,"minecraft:diamond_sword":1,"minecraft:diamond_axe":1,"minecraft:spruce_planks":16,"minecraft:baked_potato":5,"minecraft:air":0,"biomesoplenty:fir_planks":60,"minecraft:shield":1,"minecraft:stick":8,"minecraft:iron_pickaxe":1},"minecraft:killed_by":{"minecraft:player":3,"minecraft:wither_skeleton":1,"minecraft:piglin_brute":3,"minecraft:pillager":2,"epicsamurai:akaname":1,"gnumus:gnumus_hunter_not_dispawn":2,"minecraft:ender_dragon":4,"aquamirae:anglerfish":1,"cataclysm:deepling":2,"minecraft:vindicator":2,"minecraft:skeleton":5,"minecraft:blaze":3,"minecraft:zombie":1,"iceandfire:ghost":1}},"DataVersion":3465}