{"stats":{"minecraft:broken":{"minecraft:chainmail_leggings":1,"wom:emerald_tasset":1,"minecraft:shield":2,"minecraft:leather_boots":1,"minecraft:iron_pickaxe":2,"minecraft:iron_helmet":1},"minecraft:used":{"aquamirae:three_bolt_helmet":1,"iceandfire:dread_stone_stairs":1,"minecraft:shield":43,"minecraft:iron_sword":83,"minecraft:rotten_flesh":1,"minecraft:green_terracotta":7,"minecraft:iron_chestplate":2,"iammusicplayer:boombox":1,"minecraft:mutton":14,"minecraft:carrot":6,"minecraft:obsidian":13,"born_in_chaos_v1:corpse_maggot":8,"minecraft:spruce_wood":4,"minecraft:iron_helmet":3,"minecraft:stone_bricks":12,"minecraft:bow":6,"minecraft:sweet_berries":55,"minecraft:furnace":6,"iceandfire:frozen_cobblestone":1,"minecraft:potato":3,"biomesoplenty:flesh":13,"epicfight:skillbook":13,"minecraft:mossy_stone_bricks":1,"minecraft:diamond_boots":1,"iammusicplayer:cassette_deck":1,"minecraft:chorus_fruit":4,"iceandfire:armor_blue_helmet":1,"minecraft:oak_planks":45,"minecraft:blackstone":7,"biomesoplenty:fir_planks":53,"iceandfire:dread_stone_bricks":7,"minecraft:diamond_axe":71,"iammusicplayer:music_manager":1,"minecraft:smooth_quartz_stairs":1,"minecraft:golden_apple":2,"simplyswords:diamond_greataxe":215,"minecraft:glow_berries":4,"minecraft:sand":1,"minecraft:yellow_terracotta":1,"minecraft:stone_brick_wall":2,"minecraft:end_stone":83,"iceandfire:armor_blue_leggings":1,"wom:emerald_tasset":4,"born_in_chaos_v1:monster_flesh":1,"minecraft:string":5,"minecraft:bread":61,"minecraft:stone_button":1,"iceandfire:ice_dragon_flesh":1,"tombstone:grave_key":27,"farmersdelight:ham":4,"minecraft:fire_charge":1,"minecraft:diamond_sword":325,"minecraft:ice":1,"chococraft:gysahl_green":45,"minecraft:coarse_dirt":1,"farmersdelight:diamond_knife":190,"minecraft:flint_and_steel":21,"simplyswords:iron_warglaive":72,"minecraft:spruce_planks":16,"minecraft:netherrack":161,"minecraft:torch":8,"minecraft:dirt":10,"brewery:dumplings":12,"minecraft:slime_block":7,"beachparty:mini_fridge":1,"minecraft:crimson_planks":11,"alexscaves:spelunkery_table":1,"minecraft:diamond_chestplate":3,"minecraft:basalt":23,"minecraft:glowstone":3,"minecraft:beef":1,"minecraft:acacia_planks":4,"minecraft:cobbled_deepslate":112,"biomesoplenty:dead_log":1,"minecraft:iron_leggings":3,"minecraft:calcite":4,"minecraft:baked_potato":8,"minecraft:red_nether_bricks":1,"minecraft:leather_boots":1,"minecraft:cracked_stone_bricks":3,"minecraft:polished_blackstone_bricks":4,"minecraft:lime_terracotta":16,"minecraft:tnt":23,"minecraft:crafting_table":7,"iceandfire:dread_stone_bricks_mossy":1,"minecraft:cod":13,"minecraft:cake":1,"minecraft:spruce_log":1,"minecraft:ender_eye":3,"minecraft:diamond_pickaxe":89,"minecraft:apple":14,"minecraft:diamond_shovel":8,"chococraft:gysahl_green_seeds":1,"wom:emerald_chakra":2,"minecraft:cracked_polished_blackstone_bricks":1,"biomesoplenty:porous_flesh":1,"minecraft:iron_pickaxe":294,"iceandfire:ash":1,"minecraft:cobblestone":156,"minecraft:end_crystal":5,"minecraft:purple_bed":2,"minecraft:porkchop":13,"minecraft:red_banner":1,"minecraft:pumpkin_pie":21,"alexsmobs:animal_dictionary":1,"biomesoplenty:dead_sapling":1,"beachparty:rubber_ring_pelican":2,"iceandfire:dread_stone_bricks_cracked":5},"minecraft:killed_by":{"born_in_chaos_v1:nightmare_stalker":1,"minecraft:wither_skeleton":1,"minecraft:piglin_brute":3,"minecraft:pillager":2,"iceandfire:stymphalian_bird":1,"iceandfire:dread_ghoul":7,"cataclysm:deepling":2,"minecraft:vindicator":2,"minecraft:cave_spider":1,"aquamirae:captain_cornelia":2,"iceandfire:ice_dragon":3,"minecraft:blaze":3,"minecraft:zombie":1,"born_in_chaos_v1:scarlet_persecutor":1,"born_in_chaos_v1:siamese_skeletonsright":1,"minecraft:husk":7,"iceandfire:dread_beast":2,"minecraft:player":17,"epicsamurai:akaname":1,"gnumus:gnumus_hunter_not_dispawn":2,"minecraft:ender_dragon":4,"aquamirae:anglerfish":1,"iceandfire:dread_knight":5,"minecraft:skeleton":6,"iceandfire:ghost":1,"iceandfire:troll":1},"minecraft:crafted":{"epicsamurai:silver_ingot":1,"iceandfire:armor_blue_helmet":1,"minecraft:blaze_powder":22,"minecraft:stone":11,"explorerscompass:explorerscompass":1,"minecraft:ender_eye":2,"minecraft:stone_bricks":8,"beachparty:mini_fridge":1,"minecraft:diamond_axe":1,"minecraft:crafting_table":1,"minecraft:spruce_planks":24,"minecraft:baked_potato":5,"biomesoplenty:fir_planks":60,"iceandfire:armor_blue_leggings":1,"minecraft:shield":1,"minecraft:diamond_pickaxe":1,"minecraft:stick":8,"minecraft:iron_pickaxe":1,"minecraft:compass":1,"minecraft:leather_boots":1,"minecraft:furnace":1,"minecraft:dark_oak_planks":8,"iceandfire:chain":1,"minecraft:wheat":495,"minecraft:diamond_sword":1,"minecraft:bread":165,"minecraft:air":0,"minecraft:acacia_planks":4},"minecraft:killed":{"minecraft:cave_spider":7,"born_in_chaos_v1:zombie_lumberjack":3,"born_in_chaos_v1:skeleton_demoman":1,"minecraft:spider":4,"born_in_chaos_v1:siamese_skeletonsright":1,"born_in_chaos_v1:baby_skeleton_minion":3,"born_in_chaos_v1:scarlet_persecutor":1,"minecraft:skeleton":6,"minecraft:chicken":1,"born_in_chaos_v1:skeleton_thrasher":1,"minecraft:silverfish":1,"iceandfire:dread_scuttler":1,"minecraft:piglin_brute":1,"minecraft:magma_cube":1,"minecraft:piglin":3,"born_in_chaos_v1:bonescaller":2,"epicsamurai:kitsune":1,"minecraft:creeper":1,"alexsmobs:crimson_mosquito":2,"minecraft:sheep":7,"minecraft:pillager":7,"minecraft:zombie":19,"born_in_chaos_v1:dread_hound":2,"born_in_chaos_v1:corpse_fly":10,"iceandfire:dread_ghoul":2,"born_in_chaos_v1:siamese_skeletonsleft":1,"minecraft:blaze":20,"minecraft:vindicator":6,"iceandfire:dread_beast":3,"epicsamurai:onibi":1,"born_in_chaos_v1:maggot":6,"gnumus:gnumus_worker":1,"iceandfire:dread_knight":2,"iceandfire:dread_thrall":11,"minecraft:drowned":1,"born_in_chaos_v1:corpse_fish":1,"gnumus:gnumus_hunter_not_dispawn":1,"born_in_chaos_v1:fallen_chaos_knight":1,"aquamirae:maw":2,"born_in_chaos_v1:baby_skeleton":2,"epicsamurai:akaname":1,"minecraft:hoglin":3,"born_in_chaos_v1:decrepit_skeleton":4,"gnumus:gnumus_merchant":1,"born_in_chaos_v1:decaying_zombie":1,"born_in_chaos_v1:dark_vortex":1,"born_in_chaos_v1:nightmare_stalker":2,"minecraft:wither_skeleton":1,"minecraft:enderman":2},"minecraft:custom":{"lootr:looted_stat":92,"minecraft:interact_with_crafting_table":30,"minecraft:open_barrel":38,"minecraft:open_shulker_box":1,"minecraft:leave_game":2,"minecraft:time_since_death":14676,"minecraft:sprint_one_cm":1715003,"minecraft:damage_blocked_by_shield":3829,"minecraft:drop":344,"minecraft:talked_to_villager":7,"minecraft:play_time":400237,"minecraft:deaths":89,"minecraft:jump":9644,"minecraft:walk_on_water_one_cm":169180,"minecraft:interact_with_furnace":18,"minecraft:interact_with_loom":1,"minecraft:sleep_in_bed":1,"minecraft:open_enderchest":3,"tombstone:sneak_grave":2,"minecraft:damage_dealt":43411,"minecraft:player_kills":5,"minecraft:crouch_one_cm":68935,"tombstone:undead_killed":65,"minecraft:mob_kills":166,"minecraft:damage_dealt_resisted":2707,"minecraft:climb_one_cm":4827,"minecraft:walk_one_cm":1971970,"minecraft:damage_dealt_absorbed":451,"minecraft:sneak_time":13312,"minecraft:walk_under_water_one_cm":73389,"minecraft:total_world_time":400237,"tombstone:raider_killed":13,"minecraft:time_since_rest":14456,"minecraft:damage_taken":39071,"minecraft:damage_absorbed":80,"tombstone:cast_on_ally":2,"minecraft:swim_one_cm":221963,"minecraft:fly_one_cm":4460907,"minecraft:open_chest":42,"minecraft:fall_one_cm":255096},"minecraft:picked_up":{"iceandfire:dread_stone_bricks":8,"minecraft:iron_chestplate":1,"minecraft:chainmail_boots":1,"minecraft:diamond_sword":2,"iceandfire:manuscript":1,"minecraft:crimson_planks":11,"minecraft:stone_brick_stairs":1,"tombstone:grave_key":2,"minecraft:red_nether_bricks":2,"born_in_chaos_v1:black_argillite":1,"minecraft:polished_blackstone_brick_stairs":2,"minecraft:string":21,"minecraft:raw_copper":3,"minecraft:smooth_stone_slab":3,"minecraft:purple_banner":1,"biomesoplenty:dead_sapling":1,"alexsmobs:blood_sac":2,"minecraft:gold_nugget":5,"minecraft:cobbled_deepslate":494,"biomesoplenty:fir_planks":2,"minecraft:spruce_planks":1,"gnumus:packaged_goods":2,"minecraft:calcite":4,"minecraft:ender_eye":1,"minecraft:smooth_quartz_stairs":1,"minecraft:furnace":5,"minecraft:stick":6,"born_in_chaos_v1:shattered_skull":3,"minecraft:spruce_stairs":2,"minecraft:oak_fence":14,"minecraft:acacia_log":1,"minecraft:torch":6,"simplyswords:diamond_greataxe":2,"born_in_chaos_v1:pileof_dark_metal":1,"epicfight:skillbook":3,"minecraft:porkchop":6,"tombstone:grave_dust":9,"born_in_chaos_v1:nightmare_claw":2,"minecraft:end_crystal":6,"minecraft:green_terracotta":7,"minecraft:stone_sword":2,"minecraft:rotten_flesh":34,"minecraft:cyan_terracotta":1,"farmersdelight:rope":22,"minecraft:blaze_rod":11,"minecraft:obsidian":2,"minecraft:snowball":17,"minecraft:blaze_powder":4,"minecraft:cobblestone":451,"minecraft:leather_chestplate":1,"iceandfire:sapphire_gem":2,"gnumus:gnumus_doubloons":3,"minecraft:feather":2,"gnumus:overripe_carrot":1,"biomesoplenty:dead_log":3,"minecraft:potato":17,"biomesoplenty:fir_log":15,"aquamirae:three_bolt_helmet":1,"brewery:corn_seeds":3,"minecraft:tuff":67,"minecraft:dirt":23,"brewery:hops_seeds":3,"born_in_chaos_v1:monster_skin":6,"minecraft:leather_boots":1,"minecraft:bone":41,"minecraft:wheat_seeds":5,"aquamirae:wisteria_niveis":2,"minecraft:raw_gold":1,"minecraft:dark_oak_sign":6,"minecraft:mossy_stone_bricks":1,"minecraft:glowstone_dust":23,"minecraft:oak_planks":45,"minecraft:lime_terracotta":57,"minecraft:sand":1,"minecraft:grass_block":1,"minecraft:dark_oak_log":2,"iceandfire:frozen_dirt":2,"minecraft:jungle_slab":18,"minecraft:bundle":1,"beachparty:rubber_ring_pelican":1,"minecraft:diamond":2,"minecraft:slime_block":10,"iceandfire:dread_stone_bricks_mossy":1,"minecraft:cracked_polished_blackstone_bricks":1,"minecraft:bone_meal":1,"minecraft:emerald":11,"iceandfire:silver_nugget":10,"minecraft:netherrack":161,"minecraft:chorus_fruit":4,"minecraft:coarse_dirt":1,"minecraft:crafting_table":7,"minecraft:allium":1,"minecraft:chicken":1,"minecraft:ladder":1,"born_in_chaos_v1:seedof_chaos":3,"biomesoplenty:flesh":13,"iceandfire:chain":2,"minecraft:stone_brick_wall":7,"minecraft:gold_block":2,"iceandfire:frozen_cobblestone":1,"minecraft:chain":3,"minecraft:shield":1,"aether:leather_gloves":1,"farmersdelight:diamond_knife":3,"aquamirae:sharp_bones":2,"minecraft:flint_and_steel":1,"minecraft:white_carpet":4,"minecraft:blackstone":7,"minecraft:cracked_stone_bricks":2,"minecraft:beef":4,"epicsamurai:akaname_tongue":1,"iceandfire:dread_shard":11,"minecraft:spruce_slab":1,"minecraft:sugar_cane":9,"iceandfire:ice_dragon_heart":1,"minecraft:dark_oak_sapling":3,"minecraft:raw_iron":1,"iceandfire:dragonbone":12,"minecraft:end_stone":85,"minecraft:copper_ingot":2,"aquamirae:shell_horn":3,"minecraft:polished_blackstone_bricks":4,"minecraft:stone_button":1,"iammusicplayer:cassette_tape":1,"born_in_chaos_v1:pieceofdarkmetal":17,"minecraft:carrot":14,"iceandfire:dragon_skull_ice":1,"minecraft:tnt":4,"minecraft:diamond_chestplate":1,"minecraft:arrow":4,"minecraft:pumpkin_pie":1,"minecraft:hay_block":62,"alexscaves:spelunkery_table":2,"minecraft:yellow_terracotta":9,"minecraft:glow_berries":3,"minecraft:mutton":7,"epicsamurai:kitsune_hide":1,"minecraft:rail":4,"minecraft:white_wool":7,"epicsamurai:kitsune_tail":1,"born_in_chaos_v1:fused_bone":2,"brewery:dumplings":8,"born_in_chaos_v1:corpse_maggot":9,"minecraft:basalt":27,"born_in_chaos_v1:monster_flesh":2,"minecraft:magenta_banner":1,"minecraft:leather":3,"minecraft:ice":1,"minecraft:filled_map":1,"minecraft:oak_log":6,"minecraft:chainmail_chestplate":2,"iceandfire:dread_stone_bricks_cracked":6,"minecraft:gunpowder":2,"iceandfire:dragonscales_blue":12,"minecraft:white_banner":1,"tombstone:gift":4,"minecraft:apple":1,"chococraft:gysahl_green":57,"minecraft:stone_bricks":16,"chococraft:gold_gysahl":2,"minecraft:iron_ingot":2,"iceandfire:dread_stone_stairs":1,"beachparty:mini_fridge":1,"minecraft:glass_bottle":4,"minecraft:iron_sword":3,"minecraft:dark_oak_stairs":1,"minecraft:sweet_berries":45,"iceandfire:ash":1,"born_in_chaos_v1:ethereal_spirit":5,"minecraft:spruce_sapling":1,"born_in_chaos_v1:dark_rod":2,"minecraft:red_banner":2,"biomesoplenty:porous_flesh":1,"chococraft:gysahl_green_seeds":18,"minecraft:spruce_log":7,"minecraft:spider_eye":4,"minecraft:leather_helmet":1,"minecraft:diamond_shovel":1,"minecraft:pumpkin_seeds":2,"minecraft:purple_bed":2,"aquamirae:music_disc_forsaken_drownage":1,"minecraft:slime_ball":2,"iceandfire:ice_dragon_flesh":4,"minecraft:baked_potato":3,"minecraft:coal":13,"minecraft:ender_pearl":2},"minecraft:mined":{"minecraft:spruce_planks":1,"minecraft:red_nether_bricks":2,"minecraft:obsidian":1,"minecraft:grass_block":5,"minecraft:cracked_polished_blackstone_bricks":1,"iammusicplayer:boombox":1,"biomesoplenty:pus_bubble":2,"minecraft:spawner":1,"minecraft:polished_blackstone_bricks":3,"minecraft:glowstone":7,"minecraft:red_nether_brick_stairs":1,"minecraft:cobbled_deepslate":8,"minecraft:iron_ore":6,"minecraft:fire":13,"minecraft:dark_oak_stairs":1,"minecraft:twisting_vines":1,"chococraft:gysahl_green":22,"minecraft:iron_bars":1,"iceandfire:dread_stone_bricks_cracked":6,"iammusicplayer:music_manager":1,"minecraft:tripwire":1,"brewery:wild_hops":3,"minecraft:cyan_terracotta":1,"minecraft:magenta_wall_banner":1,"minecraft:torch":2,"minecraft:calcite":4,"iceandfire:frozen_dirt":2,"iceandfire:sapphire_ore":1,"minecraft:cobblestone":23,"minecraft:slime_block":8,"minecraft:sugar_cane":1,"minecraft:oak_planks":29,"minecraft:blue_ice":1,"aquamirae:wisteria_niveis":1,"biomesoplenty:hair":2,"minecraft:light_gray_wool":1,"minecraft:tnt":4,"biomesoplenty:fir_log":11,"minecraft:stone_brick_stairs":1,"minecraft:smooth_stone_slab":3,"minecraft:grass":23,"iceandfire:dread_stone_bricks_mossy":1,"minecraft:lime_terracotta":27,"minecraft:sand":1,"minecraft:dirt":4,"minecraft:netherrack":176,"iceandfire:dread_stone_bricks":10,"minecraft:oak_leaves":1,"minecraft:deepslate":8,"minecraft:yellow_terracotta":13,"alexscaves:spelunkery_table":2,"minecraft:deepslate_diamond_ore":2,"minecraft:dark_oak_log":2,"iammusicplayer:cassette_deck":1,"iceandfire:frozen_cobblestone":1,"minecraft:end_stone":11,"minecraft:ladder":1,"minecraft:allium":1,"born_in_chaos_v1:black_argillite":2,"minecraft:spruce_leaves":8,"minecraft:moss_block":1,"minecraft:large_fern":10,"minecraft:hay_block":62,"minecraft:carrots":5,"minecraft:furnace":6,"minecraft:green_terracotta":7,"treechop:chopped_log":7,"biomesoplenty:flesh":14,"minecraft:gold_block":2,"minecraft:potatoes":4,"minecraft:rail":1,"minecraft:packed_ice":20,"minecraft:smooth_quartz_stairs":1,"minecraft:chorus_plant":1,"minecraft:stone":2,"biomesoplenty:porous_flesh":1,"minecraft:basalt":14,"minecraft:red_banner":1,"minecraft:crafting_table":6,"biomesoplenty:fir_planks":2,"minecraft:tall_grass":1,"minecraft:polished_blackstone_brick_stairs":3,"minecraft:purple_bed":3,"minecraft:coarse_dirt":2,"minecraft:spruce_log":1,"minecraft:sweet_berry_bush":34,"minecraft:ice":8,"minecraft:white_carpet":1,"minecraft:red_wall_banner":1,"beachparty:mini_fridge":1,"minecraft:gravel":3,"minecraft:cobweb":4,"minecraft:cracked_stone_bricks":2,"minecraft:stone_bricks":4,"minecraft:mossy_stone_bricks":2,"minecraft:fern":11},"minecraft:dropped":{"minecraft:iron_sword":4,"minecraft:ender_pearl":1,"aquamirae:shell_horn":2,"iceandfire:frozen_dirt":2,"minecraft:dark_oak_sapling":3,"minecraft:lime_terracotta":42,"minecraft:glow_berries":3,"minecraft:leather":1,"born_in_chaos_v1:pieceofdarkmetal":4,"iceandfire:dread_stone_bricks_cracked":1,"minecraft:rail":4,"minecraft:leather_helmet":1,"born_in_chaos_v1:monster_flesh":1,"minecraft:dirt":5,"born_in_chaos_v1:monster_skin":1,"minecraft:polished_blackstone_brick_stairs":2,"iceandfire:dread_stone_bricks":3,"minecraft:snowball":1,"minecraft:bone_meal":1,"minecraft:bone":7,"minecraft:sugar_cane":6,"minecraft:golden_chestplate":1,"minecraft:cobbled_deepslate":265,"born_in_chaos_v1:ethereal_spirit":3,"tombstone:gift":8,"minecraft:rotten_flesh":27,"aether:leather_gloves":1,"minecraft:end_stone":2,"minecraft:blaze_powder":24,"patchouli:guide_book":1,"minecraft:chainmail_chestplate":3,"gnumus:gnumus_doubloons":3,"iceandfire:sapphire_gem":2,"minecraft:leather_chestplate":1,"alexsmobs:blood_sac":2,"iceandfire:chain":1,"born_in_chaos_v1:seedof_chaos":3,"minecraft:gunpowder":2,"minecraft:stone_brick_wall":5,"born_in_chaos_v1:corpse_maggot":1,"minecraft:chainmail_boots":1,"farmersdelight:rope":33,"epicsamurai:akaname_tongue":1,"minecraft:spruce_slab":1,"minecraft:red_nether_bricks":1,"minecraft:basalt":1,"minecraft:arrow":21,"minecraft:beef":1,"iammusicplayer:cassette_tape":1,"aquamirae:sharp_bones":2,"iceandfire:manuscript":1,"biomesoplenty:dead_log":3,"born_in_chaos_v1:dark_rod":2,"minecraft:iron_ingot":13,"minecraft:bread":64,"minecraft:wheat_seeds":6,"minecraft:oak_fence":14,"minecraft:feather":2,"minecraft:iron_helmet":1,"minecraft:yellow_terracotta":3,"minecraft:cobblestone":195,"aquamirae:wisteria_niveis":1,"chococraft:gysahl_green_seeds":17,"brewery:corn_seeds":3,"minecraft:stick":2,"born_in_chaos_v1:black_argillite":1,"tombstone:grave_key":2,"tombstone:grave_dust":2,"minecraft:iron_leggings":1,"minecraft:string":2,"minecraft:spruce_sapling":1,"iceandfire:silver_nugget":1,"simplyswords:diamond_greataxe":2,"minecraft:stone_sword":2,"minecraft:dark_oak_sign":6,"epicsamurai:silver_ingot":1,"minecraft:white_carpet":1,"minecraft:pumpkin_seeds":2,"minecraft:flint_and_steel":1,"minecraft:diamond_sword":2,"minecraft:potato":7,"minecraft:bundle":1,"minecraft:iron_chestplate":2,"epicsamurai:ruby":1,"minecraft:spider_eye":4,"brewery:hops_seeds":4,"explorerscompass:explorerscompass":1,"minecraft:bow":1,"epicfight:skillbook":2,"farmersdelight:diamond_knife":2}},"DataVersion":3465}