{"stats":{"minecraft:custom":{"minecraft:time_since_rest":13046,"lootr:looted_stat":2,"minecraft:sprint_one_cm":82724,"minecraft:damage_taken":1192,"minecraft:walk_one_cm":148287,"minecraft:drop":12,"minecraft:damage_dealt":105,"minecraft:interact_with_crafting_table":2,"minecraft:fly_one_cm":119077,"minecraft:player_kills":1,"minecraft:crouch_one_cm":485,"minecraft:play_time":64342,"minecraft:deaths":4,"minecraft:sneak_time":199,"minecraft:jump":366,"minecraft:leave_game":3,"minecraft:time_since_death":14789,"minecraft:sleep_in_bed":2,"minecraft:climb_one_cm":296,"minecraft:total_world_time":64342,"minecraft:fall_one_cm":8274},"minecraft:dropped":{"minecraft:dirt":7,"minecraft:wheat_seeds":1,"alexsmobs:animal_dictionary":1,"tombstone:gift":1,"tombstone:grave_dust":2},"minecraft:used":{"minecraft:lever":1,"minecraft:armor_stand":2,"minecraft:bread":3,"minecraft:chainmail_helmet":1,"tombstone:grave_key":2,"minecraft:dirt":11,"minecraft:chainmail_boots":1,"minecraft:chainmail_chestplate":1,"tombstone:gift":2,"alexsmobs:animal_dictionary":3,"minecraft:chainmail_leggings":1},"minecraft:picked_up":{"minecraft:book":6,"minecraft:chainmail_boots":1,"minecraft:chainmail_chestplate":1,"tombstone:grave_dust":1,"minecraft:dirt":20,"minecraft:armor_stand":2,"minecraft:wheat_seeds":3,"minecraft:lever":1,"minecraft:chainmail_leggings":1,"minecraft:hay_block":14,"minecraft:emerald":1,"minecraft:chainmail_helmet":1,"minecraft:skeleton_skull":1},"minecraft:crafted":{"minecraft:bread":42,"minecraft:wheat":126},"minecraft:killed_by":{"minecraft:player":2,"born_in_chaos_v1:nightmare_stalker":2},"minecraft:mined":{"minecraft:hay_block":14,"minecraft:grass":19,"biomesoplenty:clover":7,"minecraft:bookshelf":2,"minecraft:grass_block":11,"biomesoplenty:high_grass":13,"minecraft:dirt_path":2,"minecraft:dirt":7,"biomesoplenty:high_grass_plant":13,"minecraft:tall_grass":2,"biomesoplenty:huge_clover_petal":2,"minecraft:oak_leaves":2}},"DataVersion":3465}