{"stats":{"minecraft:broken":{"minecraft:shield":2,"minecraft:leather_boots":1,"minecraft:iron_pickaxe":2,"minecraft:iron_helmet":1},"minecraft:used":{"aquamirae:three_bolt_helmet":1,"minecraft:shield":43,"minecraft:iron_sword":83,"minecraft:rotten_flesh":1,"minecraft:green_terracotta":7,"minecraft:iron_chestplate":2,"minecraft:mutton":7,"minecraft:obsidian":11,"born_in_chaos_v1:corpse_maggot":7,"minecraft:spruce_wood":4,"minecraft:iron_helmet":3,"minecraft:stone_bricks":12,"minecraft:bow":6,"minecraft:sweet_berries":2,"minecraft:furnace":2,"minecraft:potato":3,"biomesoplenty:flesh":13,"minecraft:mossy_stone_bricks":1,"epicfight:skillbook":13,"minecraft:diamond_boots":1,"minecraft:chorus_fruit":4,"minecraft:oak_planks":17,"minecraft:blackstone":7,"biomesoplenty:fir_planks":53,"minecraft:diamond_axe":50,"minecraft:glow_berries":4,"minecraft:golden_apple":2,"simplyswords:diamond_greataxe":212,"minecraft:yellow_terracotta":1,"minecraft:stone_brick_wall":2,"minecraft:end_stone":83,"wom:emerald_tasset":4,"born_in_chaos_v1:monster_flesh":1,"minecraft:bread":49,"minecraft:stone_button":1,"tombstone:grave_key":26,"farmersdelight:ham":4,"minecraft:diamond_sword":225,"minecraft:fire_charge":1,"chococraft:gysahl_green":30,"minecraft:flint_and_steel":21,"minecraft:spruce_planks":16,"minecraft:netherrack":161,"minecraft:torch":2,"minecraft:dirt":1,"brewery:dumplings":12,"minecraft:slime_block":7,"beachparty:mini_fridge":1,"minecraft:diamond_chestplate":1,"minecraft:basalt":23,"minecraft:glowstone":3,"minecraft:beef":1,"minecraft:cobbled_deepslate":1,"minecraft:iron_leggings":3,"minecraft:baked_potato":8,"minecraft:leather_boots":1,"minecraft:polished_blackstone_bricks":4,"minecraft:cracked_stone_bricks":3,"minecraft:lime_terracotta":16,"minecraft:tnt":23,"minecraft:crafting_table":6,"minecraft:cod":13,"minecraft:ender_eye":3,"minecraft:diamond_pickaxe":43,"minecraft:apple":14,"biomesoplenty:porous_flesh":1,"minecraft:cracked_polished_blackstone_bricks":1,"wom:emerald_chakra":2,"minecraft:iron_pickaxe":294,"minecraft:cobblestone":63,"minecraft:end_crystal":1,"minecraft:purple_bed":2,"minecraft:porkchop":10,"minecraft:pumpkin_pie":3,"alexsmobs:animal_dictionary":1,"beachparty:rubber_ring_pelican":2},"minecraft:killed_by":{"minecraft:wither_skeleton":1,"minecraft:piglin_brute":3,"minecraft:pillager":2,"cataclysm:deepling":2,"minecraft:vindicator":2,"aquamirae:captain_cornelia":2,"minecraft:blaze":3,"minecraft:zombie":1,"born_in_chaos_v1:scarlet_persecutor":1,"minecraft:player":11,"epicsamurai:akaname":1,"gnumus:gnumus_hunter_not_dispawn":2,"minecraft:ender_dragon":4,"aquamirae:anglerfish":1,"minecraft:skeleton":6,"iceandfire:ghost":1,"iceandfire:troll":1},"minecraft:crafted":{"minecraft:blaze_powder":22,"minecraft:ender_eye":2,"minecraft:diamond_axe":1,"beachparty:mini_fridge":1,"minecraft:spruce_planks":16,"minecraft:baked_potato":5,"biomesoplenty:fir_planks":60,"minecraft:diamond_pickaxe":1,"minecraft:shield":1,"minecraft:stick":8,"minecraft:iron_pickaxe":1,"minecraft:compass":1,"minecraft:leather_boots":1,"minecraft:furnace":1,"minecraft:wheat":81,"minecraft:diamond_sword":1,"minecraft:bread":27,"minecraft:air":0},"minecraft:killed":{"minecraft:cave_spider":1,"born_in_chaos_v1:zombie_lumberjack":1,"minecraft:spider":1,"born_in_chaos_v1:siamese_skeletonsright":1,"born_in_chaos_v1:baby_skeleton_minion":3,"born_in_chaos_v1:scarlet_persecutor":1,"minecraft:skeleton":5,"minecraft:chicken":1,"minecraft:silverfish":1,"minecraft:piglin_brute":1,"minecraft:magma_cube":1,"minecraft:piglin":3,"born_in_chaos_v1:bonescaller":2,"minecraft:creeper":1,"alexsmobs:crimson_mosquito":2,"minecraft:sheep":7,"minecraft:pillager":7,"minecraft:zombie":13,"born_in_chaos_v1:dread_hound":2,"born_in_chaos_v1:corpse_fly":8,"born_in_chaos_v1:siamese_skeletonsleft":1,"minecraft:blaze":20,"minecraft:vindicator":6,"born_in_chaos_v1:maggot":4,"gnumus:gnumus_worker":1,"minecraft:drowned":1,"gnumus:gnumus_hunter_not_dispawn":1,"born_in_chaos_v1:fallen_chaos_knight":1,"aquamirae:maw":2,"born_in_chaos_v1:baby_skeleton":1,"epicsamurai:akaname":1,"minecraft:hoglin":3,"born_in_chaos_v1:decrepit_skeleton":3,"gnumus:gnumus_merchant":1,"born_in_chaos_v1:decaying_zombie":1,"born_in_chaos_v1:dark_vortex":1,"minecraft:wither_skeleton":1,"minecraft:enderman":2},"minecraft:custom":{"lootr:looted_stat":65,"minecraft:interact_with_crafting_table":15,"minecraft:open_barrel":37,"minecraft:leave_game":2,"minecraft:time_since_death":2247,"minecraft:sprint_one_cm":1319869,"minecraft:damage_blocked_by_shield":3829,"minecraft:drop":171,"minecraft:play_time":272250,"minecraft:deaths":55,"minecraft:jump":6775,"minecraft:walk_on_water_one_cm":100207,"minecraft:interact_with_furnace":10,"minecraft:sleep_in_bed":1,"minecraft:open_enderchest":3,"minecraft:damage_dealt":27852,"minecraft:player_kills":3,"minecraft:crouch_one_cm":34559,"tombstone:undead_killed":34,"minecraft:mob_kills":116,"minecraft:damage_dealt_resisted":366,"minecraft:climb_one_cm":4419,"minecraft:walk_one_cm":1273344,"minecraft:damage_dealt_absorbed":451,"minecraft:sneak_time":5857,"minecraft:walk_under_water_one_cm":60451,"minecraft:total_world_time":272250,"tombstone:raider_killed":13,"minecraft:time_since_rest":2038,"minecraft:damage_absorbed":80,"minecraft:damage_taken":24928,"tombstone:cast_on_ally":2,"minecraft:swim_one_cm":210835,"minecraft:fly_one_cm":2926219,"minecraft:open_chest":42,"minecraft:fall_one_cm":197469},"minecraft:picked_up":{"minecraft:iron_chestplate":1,"minecraft:diamond_sword":2,"minecraft:stone_brick_stairs":1,"tombstone:grave_key":2,"born_in_chaos_v1:black_argillite":1,"minecraft:polished_blackstone_brick_stairs":2,"minecraft:string":5,"minecraft:smooth_stone_slab":3,"minecraft:purple_banner":1,"alexsmobs:blood_sac":2,"minecraft:gold_nugget":5,"minecraft:cobbled_deepslate":223,"biomesoplenty:fir_planks":2,"minecraft:spruce_planks":1,"gnumus:packaged_goods":2,"minecraft:ender_eye":1,"minecraft:furnace":2,"minecraft:stick":2,"born_in_chaos_v1:shattered_skull":1,"minecraft:oak_fence":7,"minecraft:torch":5,"simplyswords:diamond_greataxe":2,"epicfight:skillbook":3,"minecraft:porkchop":6,"tombstone:grave_dust":1,"minecraft:green_terracotta":7,"minecraft:stone_sword":2,"minecraft:rotten_flesh":22,"minecraft:cyan_terracotta":1,"minecraft:blaze_rod":11,"minecraft:cobblestone":356,"minecraft:snowball":1,"minecraft:blaze_powder":4,"iceandfire:sapphire_gem":2,"minecraft:feather":2,"gnumus:gnumus_doubloons":3,"minecraft:leather_chestplate":1,"minecraft:potato":2,"biomesoplenty:fir_log":15,"aquamirae:three_bolt_helmet":1,"brewery:corn_seeds":3,"minecraft:tuff":67,"minecraft:dirt":1,"born_in_chaos_v1:monster_skin":1,"brewery:hops_seeds":3,"minecraft:leather_boots":1,"minecraft:bone":17,"minecraft:wheat_seeds":2,"aquamirae:wisteria_niveis":2,"minecraft:raw_gold":1,"minecraft:mossy_stone_bricks":1,"minecraft:glowstone_dust":23,"minecraft:oak_planks":40,"minecraft:lime_terracotta":57,"minecraft:bundle":1,"beachparty:rubber_ring_pelican":1,"minecraft:diamond":2,"minecraft:slime_block":10,"minecraft:cracked_polished_blackstone_bricks":1,"minecraft:bone_meal":1,"minecraft:emerald":11,"minecraft:chorus_fruit":4,"minecraft:netherrack":161,"minecraft:crafting_table":7,"minecraft:chicken":1,"born_in_chaos_v1:seedof_chaos":3,"biomesoplenty:flesh":13,"minecraft:stone_brick_wall":7,"minecraft:gold_block":2,"minecraft:shield":1,"farmersdelight:diamond_knife":1,"aether:leather_gloves":1,"aquamirae:sharp_bones":2,"minecraft:flint_and_steel":1,"minecraft:white_carpet":1,"minecraft:blackstone":7,"minecraft:cracked_stone_bricks":2,"minecraft:beef":2,"epicsamurai:akaname_tongue":1,"minecraft:spruce_slab":1,"minecraft:raw_iron":1,"minecraft:end_stone":85,"aquamirae:shell_horn":3,"minecraft:polished_blackstone_bricks":4,"minecraft:stone_button":1,"born_in_chaos_v1:pieceofdarkmetal":4,"iammusicplayer:cassette_tape":1,"minecraft:tnt":4,"minecraft:arrow":4,"minecraft:pumpkin_pie":1,"minecraft:hay_block":9,"alexscaves:spelunkery_table":1,"minecraft:yellow_terracotta":9,"minecraft:glow_berries":3,"minecraft:mutton":7,"minecraft:white_wool":7,"born_in_chaos_v1:fused_bone":1,"brewery:dumplings":8,"born_in_chaos_v1:corpse_maggot":8,"minecraft:basalt":27,"born_in_chaos_v1:monster_flesh":2,"minecraft:magenta_banner":1,"minecraft:leather":3,"minecraft:filled_map":1,"tombstone:gift":2,"minecraft:white_banner":1,"chococraft:gysahl_green":40,"minecraft:stone_bricks":16,"chococraft:gold_gysahl":2,"minecraft:iron_ingot":1,"beachparty:mini_fridge":1,"minecraft:iron_sword":3,"minecraft:dark_oak_stairs":1,"minecraft:sweet_berries":2,"born_in_chaos_v1:ethereal_spirit":1,"born_in_chaos_v1:dark_rod":2,"biomesoplenty:porous_flesh":1,"chococraft:gysahl_green_seeds":15,"minecraft:spruce_log":4,"minecraft:leather_helmet":1,"minecraft:diamond_shovel":1,"minecraft:pumpkin_seeds":2,"minecraft:purple_bed":2,"aquamirae:music_disc_forsaken_drownage":1,"minecraft:slime_ball":2,"minecraft:baked_potato":3,"minecraft:coal":13,"minecraft:ender_pearl":2},"minecraft:mined":{"minecraft:grass_block":3,"minecraft:cracked_polished_blackstone_bricks":1,"biomesoplenty:pus_bubble":2,"minecraft:spawner":1,"minecraft:polished_blackstone_bricks":3,"minecraft:glowstone":7,"minecraft:red_nether_brick_stairs":1,"minecraft:iron_ore":6,"minecraft:fire":12,"minecraft:dark_oak_stairs":1,"minecraft:twisting_vines":1,"chococraft:gysahl_green":16,"minecraft:iron_bars":1,"brewery:wild_hops":3,"minecraft:cyan_terracotta":1,"minecraft:magenta_wall_banner":1,"minecraft:torch":1,"iceandfire:sapphire_ore":1,"minecraft:cobblestone":23,"minecraft:slime_block":8,"minecraft:oak_planks":25,"aquamirae:wisteria_niveis":1,"biomesoplenty:hair":2,"minecraft:tnt":4,"minecraft:light_gray_wool":1,"biomesoplenty:fir_log":11,"minecraft:stone_brick_stairs":1,"minecraft:smooth_stone_slab":3,"minecraft:grass":8,"minecraft:lime_terracotta":27,"minecraft:netherrack":176,"minecraft:deepslate":7,"minecraft:yellow_terracotta":13,"alexscaves:spelunkery_table":1,"minecraft:deepslate_diamond_ore":2,"minecraft:end_stone":11,"minecraft:ladder":1,"born_in_chaos_v1:black_argillite":2,"minecraft:spruce_leaves":3,"minecraft:moss_block":1,"minecraft:large_fern":10,"minecraft:hay_block":9,"minecraft:furnace":2,"minecraft:green_terracotta":7,"treechop:chopped_log":6,"biomesoplenty:flesh":14,"minecraft:gold_block":2,"minecraft:packed_ice":18,"minecraft:chorus_plant":1,"minecraft:stone":2,"biomesoplenty:porous_flesh":1,"minecraft:basalt":14,"minecraft:crafting_table":6,"biomesoplenty:fir_planks":2,"minecraft:tall_grass":1,"minecraft:polished_blackstone_brick_stairs":3,"minecraft:purple_bed":3,"minecraft:sweet_berry_bush":16,"minecraft:ice":7,"minecraft:white_carpet":1,"beachparty:mini_fridge":1,"minecraft:gravel":3,"minecraft:cobweb":4,"minecraft:cracked_stone_bricks":2,"minecraft:stone_bricks":4,"minecraft:mossy_stone_bricks":2,"minecraft:fern":6},"minecraft:dropped":{"minecraft:iron_sword":4,"minecraft:ender_pearl":1,"aquamirae:shell_horn":2,"minecraft:lime_terracotta":42,"minecraft:glow_berries":3,"minecraft:leather":1,"born_in_chaos_v1:pieceofdarkmetal":4,"minecraft:leather_helmet":1,"born_in_chaos_v1:monster_flesh":1,"born_in_chaos_v1:monster_skin":1,"minecraft:polished_blackstone_brick_stairs":2,"minecraft:snowball":1,"minecraft:bone_meal":1,"minecraft:bone":6,"minecraft:golden_chestplate":1,"born_in_chaos_v1:ethereal_spirit":1,"tombstone:gift":4,"minecraft:rotten_flesh":15,"aether:leather_gloves":1,"minecraft:end_stone":2,"minecraft:blaze_powder":24,"patchouli:guide_book":1,"gnumus:gnumus_doubloons":3,"iceandfire:sapphire_gem":2,"minecraft:leather_chestplate":1,"alexsmobs:blood_sac":2,"born_in_chaos_v1:seedof_chaos":3,"born_in_chaos_v1:corpse_maggot":1,"minecraft:stone_brick_wall":5,"minecraft:spruce_slab":1,"epicsamurai:akaname_tongue":1,"minecraft:basalt":1,"minecraft:arrow":21,"minecraft:beef":1,"iammusicplayer:cassette_tape":1,"aquamirae:sharp_bones":2,"born_in_chaos_v1:dark_rod":2,"minecraft:iron_ingot":13,"minecraft:wheat_seeds":1,"minecraft:iron_helmet":1,"minecraft:feather":2,"minecraft:yellow_terracotta":3,"minecraft:cobblestone":193,"aquamirae:wisteria_niveis":1,"chococraft:gysahl_green_seeds":15,"brewery:corn_seeds":3,"minecraft:stick":1,"tombstone:grave_key":2,"tombstone:grave_dust":1,"minecraft:iron_leggings":1,"simplyswords:diamond_greataxe":2,"minecraft:stone_sword":2,"minecraft:white_carpet":1,"minecraft:pumpkin_seeds":2,"minecraft:flint_and_steel":1,"minecraft:diamond_sword":2,"minecraft:potato":7,"minecraft:bundle":1,"minecraft:iron_chestplate":2,"epicsamurai:ruby":1,"brewery:hops_seeds":3,"explorerscompass:explorerscompass":1,"minecraft:bow":1,"epicfight:skillbook":2}},"DataVersion":3465}