{"stats":{"minecraft:broken":{"minecraft:leather_boots":1},"minecraft:used":{"aquamirae:three_bolt_helmet":1,"farmersdelight:diamond_knife":24,"minecraft:flint_and_steel":12,"minecraft:spruce_planks":18,"minecraft:shield":12,"minecraft:iron_chestplate":1,"wom:emerald_earrings":2,"beachparty:rubber_ring_axolotl":1,"minecraft:iron_axe":31,"wom:netherite_belt":1,"minecraft:stone_bricks":7,"minecraft:golden_carrot":5,"minecraft:iron_leggings":1,"epicfight:skillbook":2,"minecraft:water_bucket":10,"biomesoplenty:fir_planks":2,"minecraft:tnt":3,"minecraft:crafting_table":4,"simplyswords:diamond_spear":94,"minecraft:apple":13,"born_in_chaos_v1:monster_flesh":1,"minecraft:bread":20,"tombstone:grave_key":1,"minecraft:cobblestone":31,"minecraft:purple_bed":1,"vanillaplustools:iron_hammer":30,"minecraft:bucket":11,"chococraft:gysahl_green":2},"minecraft:crafted":{"vanillaplustools:iron_hammer":1,"minecraft:iron_axe":1,"minecraft:crafting_table":1,"minecraft:spruce_planks":32,"minecraft:bucket":1,"biomesoplenty:fir_planks":108,"minecraft:shield":1,"minecraft:stick":20,"minecraft:iron_pickaxe":9},"minecraft:killed_by":{"minecraft:player":4,"minecraft:vindicator":1,"minecraft:cave_spider":1,"minecraft:skeleton":1,"born_in_chaos_v1:scarlet_persecutor":1,"iceandfire:troll":1},"minecraft:killed":{"minecraft:cave_spider":2,"minecraft:vindicator":3,"born_in_chaos_v1:maggot":1,"minecraft:skeleton":2,"minecraft:silverfish":6,"minecraft:tropical_fish":1,"born_in_chaos_v1:decrepit_skeleton":1,"minecraft:zombie":11,"born_in_chaos_v1:dread_hound":1,"born_in_chaos_v1:corpse_fly":3,"born_in_chaos_v1:door_knight":1},"minecraft:custom":{"lootr:looted_stat":35,"minecraft:mob_kills":37,"minecraft:interact_with_crafting_table":10,"minecraft:open_barrel":1,"minecraft:damage_dealt_resisted":70,"minecraft:time_since_death":3178,"minecraft:climb_one_cm":2716,"minecraft:sprint_one_cm":464080,"minecraft:walk_one_cm":328271,"minecraft:damage_blocked_by_shield":525,"minecraft:drop":73,"minecraft:play_time":96783,"minecraft:deaths":10,"minecraft:sneak_time":1516,"minecraft:walk_under_water_one_cm":349,"minecraft:jump":1140,"minecraft:walk_on_water_one_cm":5144,"minecraft:total_world_time":96783,"minecraft:interact_with_furnace":9,"tombstone:raider_killed":3,"minecraft:time_since_rest":2878,"minecraft:damage_taken":4549,"minecraft:damage_dealt":5797,"minecraft:swim_one_cm":4862,"minecraft:player_kills":2,"minecraft:fly_one_cm":226298,"minecraft:open_chest":8,"minecraft:crouch_one_cm":6282,"tombstone:undead_killed":15,"minecraft:fall_one_cm":27786},"minecraft:picked_up":{"minecraft:crafting_table":3,"minecraft:iron_chestplate":1,"chococraft:loverly_gysahl_green":2,"minecraft:stone_brick_wall":5,"minecraft:potion":1,"wom:emerald_earrings":1,"farmersdelight:diamond_knife":1,"minecraft:string":7,"minecraft:raw_copper":16,"minecraft:iron_axe":1,"minecraft:flint_and_steel":1,"minecraft:iron_leggings":1,"minecraft:cracked_stone_bricks":5,"minecraft:cobbled_deepslate":117,"biomesoplenty:fir_planks":1,"minecraft:stick":13,"minecraft:raw_iron":6,"born_in_chaos_v1:pieceofdarkmetal":10,"minecraft:arrow":3,"minecraft:rotten_flesh":8,"minecraft:gold_ingot":3,"minecraft:glow_berries":1,"minecraft:cobblestone":177,"born_in_chaos_v1:corpse_maggot":2,"iceandfire:sapphire_gem":1,"minecraft:golden_carrot":5,"minecraft:magma_cream":15,"born_in_chaos_v1:monster_flesh":1,"minecraft:leather":1,"minecraft:potato":7,"biomesoplenty:fir_sapling":2,"biomesoplenty:fir_log":27,"aquamirae:three_bolt_helmet":1,"minecraft:flint":2,"minecraft:tuff":11,"minecraft:dirt":4,"wom:netherite_belt":1,"born_in_chaos_v1:monster_skin":1,"minecraft:bone":12,"chococraft:gysahl_green":10,"minecraft:stone_bricks":2,"chococraft:gold_gysahl":2,"minecraft:wheat_seeds":1,"minecraft:iron_ingot":26,"minecraft:cobweb":1,"beachparty:mini_fridge":3,"minecraft:oak_planks":2,"minecraft:chiseled_stone_bricks":1,"minecraft:stone_brick_slab":2,"chococraft:gysahl_green_seeds":1,"minecraft:spruce_log":8,"minecraft:blast_furnace":1,"minecraft:spider_eye":1,"minecraft:diamond_shovel":1,"minecraft:purple_bed":1,"minecraft:slime_ball":2,"minecraft:emerald":6,"tombstone:magic_scroll":1,"epicsamurai:ruby":1,"minecraft:coal":10},"minecraft:mined":{"minecraft:tuff":8,"minecraft:fire":5,"minecraft:cobbled_deepslate":3,"treechop:chopped_log":1,"minecraft:deepslate_iron_ore":5,"minecraft:stone":169,"minecraft:crafting_table":3,"minecraft:blast_furnace":1,"biomesoplenty:fir_planks":3,"minecraft:copper_ore":2,"minecraft:oak_planks":1,"minecraft:spruce_log":9,"minecraft:grass":2,"minecraft:cobweb":8,"minecraft:deepslate":50,"minecraft:fern":2},"minecraft:dropped":{"minecraft:moss_block":5,"chococraft:loverly_gysahl_green":2,"minecraft:wheat_seeds":1,"chococraft:gold_gysahl":2,"minecraft:andesite_wall":2,"minecraft:cobblestone":95,"minecraft:glow_berries":1,"minecraft:leather":1,"chococraft:gysahl_green_seeds":1,"minecraft:cracked_stone_bricks":9,"minecraft:leather_helmet":1,"biomesoplenty:fir_sapling":2,"minecraft:flint":2,"minecraft:cobweb":1,"aquamirae:three_bolt_helmet":1,"minecraft:dirt":4,"born_in_chaos_v1:monster_skin":1,"minecraft:potion":1,"minecraft:iron_axe":1,"minecraft:stone_brick_slab":2,"minecraft:bone":11,"alexsmobs:animal_dictionary":1,"minecraft:cobbled_deepslate":117,"minecraft:raw_copper":16,"minecraft:tuff":11,"born_in_chaos_v1:ethereal_spirit":1,"tombstone:gift":2,"minecraft:rotten_flesh":8,"minecraft:oak_planks":1,"minecraft:diamond_shovel":1,"wom:netherite_belt":1,"patchouli:guide_book":1,"minecraft:chiseled_stone_bricks":1,"iceandfire:sapphire_gem":1,"minecraft:leather_chestplate":1,"minecraft:potato":7,"biomesoplenty:fir_planks":101,"beachparty:mini_fridge":3,"born_in_chaos_v1:corpse_maggot":2,"epicsamurai:ruby":1,"minecraft:mossy_stone_bricks":1,"minecraft:stone_brick_wall":8,"wom:emerald_earrings":1,"minecraft:leather_leggings":1,"minecraft:slime_ball":2,"minecraft:magma_cream":15,"minecraft:stone_brick_stairs":7,"chococraft:gysahl_green":8,"farmersdelight:diamond_knife":1}},"DataVersion":3465}