{"stats":{"minecraft:broken":{"beachparty:rubber_ring_axolotl":1,"minecraft:iron_chestplate":1,"minecraft:iron_leggings":1,"minecraft:leather_boots":1},"minecraft:used":{"aquamirae:three_bolt_helmet":1,"minecraft:shield":12,"minecraft:iron_chestplate":1,"tombstone:scroll_of_preservation":2,"iammusicplayer:boombox":2,"minecraft:snowball":17,"minecraft:honey_bottle":8,"minecraft:packed_ice":6,"minecraft:lava_bucket":10,"wom:emerald_earrings":2,"beachparty:rubber_ring_axolotl":1,"minecraft:stone_bricks":7,"simplyswords:gold_chakram":1,"epicfight:skillbook":3,"minecraft:oak_planks":42,"biomesoplenty:fir_planks":2,"simplyswords:diamond_spear":166,"minecraft:blast_furnace":1,"born_in_chaos_v1:monster_flesh":1,"minecraft:bread":20,"tombstone:grave_key":3,"chococraft:gysahl_green":2,"minecraft:ice":2,"farmersdelight:diamond_knife":24,"minecraft:flint_and_steel":21,"minecraft:spruce_planks":18,"minecraft:iron_axe":60,"wom:netherite_belt":1,"simplyswords:diamond_greathammer":70,"minecraft:crimson_planks":3,"minecraft:golden_carrot":5,"minecraft:cobbled_deepslate":218,"minecraft:iron_leggings":1,"minecraft:cooked_mutton":4,"minecraft:water_bucket":25,"minecraft:tnt":6,"minecraft:crafting_table":5,"minecraft:smoker":2,"minecraft:apple":13,"minecraft:jungle_stairs":12,"minecraft:cobblestone":53,"minecraft:potion":1,"minecraft:purple_bed":1,"vanillaplustools:iron_hammer":101,"minecraft:cooked_porkchop":15,"minecraft:porkchop":8,"minecraft:bucket":36},"minecraft:killed_by":{"minecraft:creeper":1,"iceandfire:stymphalian_bird":1,"iceandfire:dread_ghoul":4,"minecraft:vindicator":1,"minecraft:cave_spider":2,"iceandfire:ice_dragon":3,"born_in_chaos_v1:siamese_skeletons":1,"born_in_chaos_v1:scarlet_persecutor":1,"minecraft:player":11,"iceandfire:dread_beast":3,"iceandfire:dread_scuttler":3,"iceandfire:dread_knight":2,"minecraft:skeleton":6,"iceandfire:troll":1,"epicsamurai:kitsune":1},"minecraft:crafted":{"minecraft:oak_planks":96,"minecraft:cooked_mutton":4,"minecraft:glass":2,"vanillaplustools:iron_hammer":1,"minecraft:smoker":1,"minecraft:cooked_porkchop":10,"minecraft:crafting_table":1,"minecraft:spruce_planks":32,"biomesoplenty:fir_planks":108,"minecraft:shield":1,"minecraft:stick":20,"minecraft:iron_ingot":6,"minecraft:iron_pickaxe":9,"minecraft:furnace":1,"minecraft:iron_axe":1,"minecraft:cooked_beef":1,"minecraft:bucket":1,"minecraft:air":0},"minecraft:killed":{"minecraft:cave_spider":4,"born_in_chaos_v1:zombie_lumberjack":1,"born_in_chaos_v1:skeleton_demoman":1,"born_in_chaos_v1:siamese_skeletonsright":1,"minecraft:skeleton":2,"minecraft:silverfish":6,"minecraft:tropical_fish":1,"minecraft:pig":5,"minecraft:zombie":11,"born_in_chaos_v1:dread_hound":1,"born_in_chaos_v1:corpse_fly":3,"iceandfire:dread_ghoul":6,"born_in_chaos_v1:door_knight":1,"minecraft:cow":1,"born_in_chaos_v1:siamese_skeletonsleft":1,"minecraft:vindicator":3,"iceandfire:dread_beast":1,"born_in_chaos_v1:zombie_bruiser":1,"born_in_chaos_v1:maggot":1,"iceandfire:dread_knight":1,"iceandfire:dread_thrall":12,"born_in_chaos_v1:decrepit_skeleton":1},"minecraft:custom":{"lootr:looted_stat":58,"minecraft:interact_with_crafting_table":16,"minecraft:open_barrel":1,"minecraft:open_shulker_box":2,"minecraft:bell_ring":8,"minecraft:leave_game":1,"minecraft:time_since_death":970,"minecraft:sprint_one_cm":974757,"minecraft:damage_blocked_by_shield":525,"minecraft:drop":207,"minecraft:talked_to_villager":4,"minecraft:play_time":213011,"minecraft:deaths":50,"minecraft:jump":3436,"minecraft:walk_on_water_one_cm":42668,"minecraft:interact_with_furnace":28,"minecraft:interact_with_loom":1,"minecraft:damage_dealt":13890,"minecraft:player_kills":6,"minecraft:crouch_one_cm":16898,"tombstone:undead_killed":40,"minecraft:interact_with_smoker":7,"minecraft:mob_kills":80,"minecraft:damage_dealt_resisted":151,"minecraft:climb_one_cm":2728,"minecraft:walk_one_cm":908343,"minecraft:sneak_time":3972,"minecraft:walk_under_water_one_cm":53107,"minecraft:interact_with_blast_furnace":4,"minecraft:total_world_time":213011,"tombstone:raider_killed":3,"minecraft:time_since_rest":360,"minecraft:damage_taken":24579,"minecraft:trigger_trapped_chest":1,"tombstone:cast_on_ally":1,"minecraft:swim_one_cm":24871,"minecraft:fly_one_cm":1443577,"minecraft:open_chest":8,"minecraft:fall_one_cm":86101},"minecraft:picked_up":{"iceandfire:dread_stone_bricks":2,"chococraft:loverly_gysahl_green":3,"minecraft:iron_chestplate":1,"minecraft:chainmail_boots":1,"minecraft:potion":2,"minecraft:crimson_planks":14,"iceandfire:manuscript":1,"minecraft:string":8,"minecraft:waxed_cut_copper_slab":2,"minecraft:raw_copper":38,"minecraft:iron_leggings":1,"biomesoplenty:dead_sapling":3,"minecraft:cobbled_deepslate":374,"biomesoplenty:fir_planks":1,"iceandfire:dragonforge_ice_brick":7,"minecraft:stick":18,"minecraft:acacia_log":1,"minecraft:spruce_stairs":4,"minecraft:porkchop":17,"tombstone:grave_dust":1,"tombstone:tablet_of_cupidity":1,"minecraft:rotten_flesh":15,"iammusicplayer:boombox":2,"minecraft:snowball":19,"minecraft:cobblestone":343,"iceandfire:sapphire_gem":1,"minecraft:cooked_beef":1,"minecraft:magma_cream":15,"minecraft:jungle_log":2,"minecraft:smoker":2,"aquamirae:three_bolt_helmet":1,"minecraft:potato":7,"biomesoplenty:dead_log":5,"biomesoplenty:fir_sapling":3,"biomesoplenty:fir_log":27,"minecraft:flint":2,"minecraft:tuff":11,"iammusicplayer:cassette_deck":1,"minecraft:dirt":26,"born_in_chaos_v1:monster_skin":1,"iceandfire:ice_dragon_blood":1,"minecraft:bone":24,"iammusicplayer:music_manager":1,"minecraft:wheat_seeds":3,"minecraft:oak_planks":57,"minecraft:cooked_porkchop":7,"minecraft:sand":1,"minecraft:jungle_planks":22,"iceandfire:dragon_bone_block":4,"minecraft:bundle":1,"iceandfire:dread_stone_bricks_mossy":2,"minecraft:emerald":6,"epicsamurai:ruby":1,"iceandfire:silver_nugget":10,"iceandfire:raw_silver":1,"minecraft:crafting_table":4,"minecraft:packed_ice":6,"iceandfire:chain":1,"minecraft:stone_brick_wall":5,"wom:emerald_earrings":1,"minecraft:chain":3,"farmersdelight:diamond_knife":1,"minecraft:iron_axe":2,"minecraft:flint_and_steel":1,"minecraft:white_carpet":3,"minecraft:cracked_stone_bricks":5,"minecraft:beef":1,"iceandfire:dread_shard":7,"minecraft:sugar_cane":3,"minecraft:raw_iron":6,"iceandfire:dragonbone":2,"born_in_chaos_v1:pieceofdarkmetal":10,"iammusicplayer:cassette_tape":1,"minecraft:carrot":1,"minecraft:arrow":7,"minecraft:diamond_chestplate":1,"minecraft:jungle_stairs":24,"minecraft:gold_ingot":3,"minecraft:glow_berries":1,"born_in_chaos_v1:corpse_maggot":2,"born_in_chaos_v1:monster_flesh":1,"minecraft:golden_carrot":5,"minecraft:leather":1,"minecraft:ice":12,"minecraft:oak_log":28,"tombstone:gift":3,"wom:netherite_belt":1,"chococraft:gysahl_green":16,"minecraft:stone_bricks":2,"chococraft:gold_gysahl":3,"iceandfire:dread_stone":1,"minecraft:iron_ingot":29,"minecraft:cobweb":1,"beachparty:mini_fridge":3,"minecraft:chiseled_stone_bricks":1,"minecraft:stone_brick_slab":2,"chococraft:gysahl_green_seeds":1,"minecraft:spruce_sapling":3,"minecraft:blast_furnace":2,"minecraft:spruce_log":10,"minecraft:nether_brick_slab":3,"minecraft:spider_eye":6,"minecraft:diamond_shovel":1,"biomesoplenty:maple_sapling":15,"minecraft:purple_bed":1,"minecraft:slime_ball":2,"tombstone:magic_scroll":1,"minecraft:coal":10},"minecraft:mined":{"minecraft:waxed_cut_copper_slab":1,"minecraft:oak_sapling":3,"minecraft:grass_block":3,"iammusicplayer:boombox":1,"minecraft:fire":8,"minecraft:cobbled_deepslate":5,"chococraft:gysahl_green":1,"iceandfire:dread_stone_bricks_cracked":1,"minecraft:smoker":2,"minecraft:blast_furnace":2,"minecraft:nether_brick_slab":2,"minecraft:oak_planks":2,"minecraft:mud":1,"minecraft:grass":3,"iceandfire:dragonforge_ice_input":1,"iceandfire:dread_stone_bricks_mossy":2,"minecraft:dirt":5,"minecraft:deepslate":236,"minecraft:tuff":8,"iceandfire:dread_stone":1,"iceandfire:silver_ore":1,"minecraft:glow_lichen":1,"iceandfire:dragonforge_ice_brick":7,"treechop:chopped_log":5,"iceandfire:dragon_bone_block":4,"minecraft:deepslate_iron_ore":5,"minecraft:stone":452,"minecraft:crafting_table":4,"biomesoplenty:fir_planks":3,"minecraft:copper_ore":10,"minecraft:coarse_dirt":1,"minecraft:sweet_berry_bush":1,"minecraft:spruce_log":9,"minecraft:white_carpet":3,"minecraft:cobweb":8,"minecraft:fern":4},"minecraft:dropped":{"iceandfire:raw_silver":1,"minecraft:moss_block":5,"chococraft:loverly_gysahl_green":3,"minecraft:lapis_lazuli":55,"minecraft:glass_bottle":5,"minecraft:glow_berries":1,"simplyswords:diamond_halberd":1,"minecraft:leather":1,"minecraft:jungle_planks":22,"minecraft:cracked_stone_bricks":9,"born_in_chaos_v1:pieceofdarkmetal":10,"minecraft:leather_helmet":1,"biomesoplenty:fir_sapling":3,"minecraft:flint":2,"aquamirae:three_bolt_helmet":1,"minecraft:dirt":26,"minecraft:ice":10,"born_in_chaos_v1:monster_skin":1,"minecraft:snowball":2,"iceandfire:dread_stone_bricks":3,"minecraft:chain":3,"minecraft:phantom_membrane":6,"minecraft:sand":1,"minecraft:end_crystal":6,"iceandfire:dread_shard":18,"minecraft:bone":42,"minecraft:waxed_cut_copper_slab":2,"minecraft:sugar_cane":3,"minecraft:cobbled_deepslate":208,"alexsmobs:animal_dictionary":1,"born_in_chaos_v1:ethereal_spirit":3,"tombstone:gift":7,"minecraft:rotten_flesh":21,"minecraft:oak_planks":4,"minecraft:diamond_shovel":1,"wom:netherite_belt":1,"minecraft:glowstone_dust":3,"iceandfire:dragonforge_ice_brick":7,"minecraft:carrot":1,"patchouli:guide_book":1,"minecraft:chiseled_stone_bricks":1,"iceandfire:dread_stone_bricks_mossy":2,"iceandfire:sapphire_gem":1,"minecraft:leather_chestplate":1,"minecraft:gunpowder":1,"minecraft:jungle_stairs":12,"born_in_chaos_v1:corpse_maggot":2,"minecraft:jungle_log":2,"minecraft:stone_brick_wall":8,"minecraft:chest":2,"minecraft:chainmail_boots":1,"minecraft:leather_leggings":1,"minecraft:arrow":8,"minecraft:glass":2,"minecraft:stone_brick_stairs":7,"iceandfire:manuscript":1,"biomesoplenty:dead_log":5,"minecraft:crimson_planks":11,"minecraft:iron_ingot":3,"minecraft:wheat_seeds":3,"chococraft:gold_gysahl":3,"biomesoplenty:maple_sapling":15,"minecraft:cobblestone":353,"minecraft:andesite_wall":2,"iceandfire:dread_stone_stairs":1,"chococraft:gysahl_green_seeds":2,"minecraft:spruce_stairs":4,"minecraft:acacia_log":1,"minecraft:cobweb":1,"tombstone:magic_scroll":1,"tombstone:grave_dust":1,"minecraft:potion":2,"minecraft:white_banner":1,"minecraft:iron_axe":2,"minecraft:string":10,"minecraft:spruce_sapling":3,"minecraft:stone_brick_slab":2,"iceandfire:dragonbone":9,"iceandfire:silver_nugget":18,"minecraft:nether_brick_slab":3,"minecraft:raw_copper":16,"minecraft:tuff":11,"minecraft:white_carpet":3,"iceandfire:dragon_ice":1,"biomesoplenty:dead_sapling":3,"minecraft:potato":14,"minecraft:shield":1,"biomesoplenty:fir_planks":101,"minecraft:diamond_chestplate":1,"beachparty:mini_fridge":3,"iceandfire:dread_stone":1,"minecraft:bundle":1,"aquamirae:oxygen_tank":1,"epicsamurai:ruby":1,"minecraft:mossy_stone_bricks":1,"wom:emerald_earrings":1,"minecraft:spider_eye":6,"minecraft:spruce_log":2,"minecraft:slime_ball":2,"minecraft:magma_cream":15,"chococraft:gysahl_green":16,"tombstone:tablet_of_cupidity":2,"farmersdelight:diamond_knife":1}},"DataVersion":3465}