{"stats":{"minecraft:mined":{"minecraft:grass":2,"minecraft:packed_ice":2},"minecraft:custom":{"minecraft:time_since_rest":1,"minecraft:open_chest":1,"minecraft:sprint_one_cm":28333,"minecraft:play_time":7124,"minecraft:deaths":2,"minecraft:damage_taken":569,"minecraft:walk_one_cm":24885,"minecraft:walk_under_water_one_cm":258,"minecraft:mob_kills":1,"minecraft:jump":346,"minecraft:damage_dealt":9,"minecraft:leave_game":2,"minecraft:walk_on_water_one_cm":1878,"minecraft:time_since_death":134,"minecraft:total_world_time":7124,"minecraft:swim_one_cm":1632,"minecraft:fall_one_cm":7696,"minecraft:fly_one_cm":112059},"minecraft:killed":{"minecraft:sheep":1},"minecraft:picked_up":{"minecraft:arrow":2,"minecraft:wheat_seeds":2,"minecraft:iron_helmet":1,"minecraft:iron_ingot":5,"minecraft:beef":1,"born_in_chaos_v1:dark_rod":2,"minecraft:mutton":2},"minecraft:used":{"minecraft:mutton":2,"minecraft:beef":1,"alexsmobs:animal_dictionary":1},"minecraft:killed_by":{"minecraft:skeleton":1,"minecraft:pillager":1}},"DataVersion":3465}