{"stats":{"minecraft:used":{"minecraft:end_stone":2},"minecraft:killed_by":{"minecraft:skeleton":1,"born_in_chaos_v1:corpse_fish":2},"minecraft:picked_up":{"minecraft:end_stone":2,"tombstone:grave_key":1,"iammusicplayer:cassette_tape":3,"iammusicplayer:boombox":1},"minecraft:custom":{"minecraft:time_since_rest":5013,"minecraft:walk_one_cm":66902,"minecraft:crouch_one_cm":807,"minecraft:play_time":19636,"minecraft:sprint_one_cm":36907,"minecraft:damage_taken":1048,"minecraft:deaths":4,"minecraft:sneak_time":129,"minecraft:walk_under_water_one_cm":11012,"minecraft:drop":1,"minecraft:jump":317,"minecraft:damage_dealt":53,"minecraft:leave_game":1,"minecraft:time_since_death":5376,"minecraft:walk_on_water_one_cm":3639,"minecraft:total_world_time":19636,"minecraft:swim_one_cm":10319,"minecraft:fall_one_cm":7095,"minecraft:fly_one_cm":122629},"minecraft:mined":{"minecraft:poppy":1},"minecraft:dropped":{"tombstone:grave_key":1}},"DataVersion":3465}