{"stats":{"minecraft:used":{"minecraft:water_bucket":1,"minecraft:stone_sword":37,"minecraft:stone_shovel":16,"minecraft:stone_pickaxe":99,"minecraft:wooden_pickaxe":6,"biomesoplenty:glowshroom":3,"biomesoplenty:fir_planks":41,"minecraft:rotten_flesh":2,"minecraft:iron_chestplate":1,"minecraft:torch":2,"minecraft:dirt":3,"minecraft:crafting_table":2,"minecraft:iron_helmet":1,"biomesoplenty:glowing_moss_carpet":3,"minecraft:cobblestone":5,"minecraft:furnace":1,"minecraft:bucket":2,"tombstone:gift":2,"chococraft:gysahl_green":4,"alexsmobs:animal_dictionary":4,"biomesoplenty:fir_log":1,"gnumus:juicy_meat":2},"minecraft:killed_by":{"epicsamurai:jorogumo":1,"minecraft:player":1,"born_in_chaos_v1:corpse_fly":1},"minecraft:crafted":{"minecraft:stone_shovel":1,"minecraft:crafting_table":2,"minecraft:wooden_pickaxe":1,"minecraft:iron_helmet":1,"minecraft:furnace":1,"minecraft:bucket":1,"minecraft:air":0,"aether:iron_gloves":1,"biomesoplenty:fir_planks":52,"minecraft:iron_chestplate":1,"minecraft:iron_ingot":18,"minecraft:stone_pickaxe":1,"minecraft:stone_sword":1,"minecraft:torch":4},"minecraft:killed":{"minecraft:zombie_villager":1,"born_in_chaos_v1:skeleton_demoman":1,"born_in_chaos_v1:zombie_bruiser":1,"minecraft:skeleton":1,"minecraft:pillager":1,"gnumus:gnumus_hunter":1,"alexsmobs:comb_jelly":1},"minecraft:custom":{"minecraft:interact_with_furnace":9,"minecraft:mob_kills":7,"tombstone:raider_killed":1,"minecraft:interact_with_crafting_table":11,"minecraft:damage_dealt_resisted":6,"minecraft:leave_game":1,"minecraft:time_since_death":2870,"minecraft:time_since_rest":558,"minecraft:sprint_one_cm":159422,"minecraft:damage_taken":925,"minecraft:walk_one_cm":224750,"minecraft:drop":3,"minecraft:damage_dealt":1814,"minecraft:player_kills":1,"minecraft:swim_one_cm":3722,"minecraft:fly_one_cm":63438,"minecraft:crouch_one_cm":428,"minecraft:play_time":40012,"tombstone:undead_killed":4,"minecraft:deaths":3,"minecraft:sneak_time":310,"minecraft:walk_under_water_one_cm":5515,"minecraft:jump":445,"minecraft:walk_on_water_one_cm":9863,"minecraft:total_world_time":40012,"minecraft:fall_one_cm":3942},"minecraft:picked_up":{"minecraft:mud":12,"chococraft:loverly_gysahl_green":1,"minecraft:water_bucket":1,"biomesoplenty:dead_log":9,"gnumus:gnumus_claw":1,"biomesoplenty:glowshroom":5,"biomesoplenty:fir_log":65,"gnumus:gnumus_pouch":1,"biomesoplenty:fir_sapling":14,"minecraft:oak_log":2,"tombstone:grave_key":1,"minecraft:gunpowder":2,"minecraft:dirt":8,"biomesoplenty:glowing_moss_carpet":6,"brewery:hops_seeds":5,"minecraft:bone":2,"chococraft:gysahl_green":7,"minecraft:stick":9,"minecraft:raw_iron":23,"gnumus:juicy_meat":2,"minecraft:torch":1,"chococraft:gysahl_green_seeds":2,"alexsmobs:animal_dictionary":1,"iceandfire:dragon_skull_ice":1,"minecraft:stone_sword":1,"minecraft:arrow":1,"minecraft:rotten_flesh":4,"gnumus:gnumus_clay":5,"minecraft:coal":2,"iceandfire:raw_silver":3,"minecraft:cobblestone":75},"minecraft:mined":{"biomesoplenty:glowshroom":4,"brewery:wild_hops":3,"iceandfire:silver_ore":3,"biomesoplenty:glowing_moss_carpet":5,"minecraft:torch":1,"minecraft:grass_block":1,"minecraft:mushroom_stem":1,"minecraft:mud":12,"minecraft:iron_ore":23,"minecraft:ice":7,"treechop:chopped_log":3,"biomesoplenty:fir_log":1,"minecraft:grass":2,"chococraft:gysahl_green":2,"biomesoplenty:glowshroom_block":6,"minecraft:coal_ore":2,"minecraft:dirt":7,"minecraft:stone":75,"minecraft:fern":3},"minecraft:dropped":{"minecraft:water_bucket":1,"minecraft:stone_sword":1,"alexsmobs:animal_dictionary":1}},"DataVersion":3465}