{"stats":{"minecraft:broken":{"minecraft:diamond_chestplate":1,"minecraft:iron_boots":1,"minecraft:leather_chestplate":1,"minecraft:leather_boots":1},"minecraft:used":{"simplyswords:diamond_glaive":26,"simplyswords:iron_warglaive":18,"minecraft:spruce_planks":21,"minecraft:shield":1,"minecraft:red_nether_brick_stairs":1,"minecraft:netherrack":76,"minecraft:torch":1,"iammusicplayer:boombox":1,"brewery:dumplings":70,"minecraft:milk_bucket":3,"minecraft:wooden_axe":39,"minecraft:spruce_boat":1,"born_in_chaos_v1:corpse_maggot":2,"wom:emerald_earrings":1,"wom:netherite_belt":6,"minecraft:iron_block":3,"minecraft:slime_block":1,"minecraft:crimson_planks":12,"minecraft:basalt":1,"minecraft:golden_carrot":67,"minecraft:sweet_berries":17,"minecraft:gold_block":4,"tombstone:gift":5,"minecraft:potato":3,"biomesoplenty:flesh":2,"epicfight:skillbook":10,"farmersdelight:milk_bottle":1,"iammusicplayer:cassette_deck":7,"minecraft:blackstone":130,"minecraft:wooden_pickaxe":4,"wom:ruine":641,"iammusicplayer:music_manager":7,"born_in_chaos_v1:potion_of_rampage":10,"minecraft:crafting_table":5,"tombstone:tablet_of_home":1,"minecraft:end_stone":433,"wom:emerald_tasset":2,"minecraft:diamond_pickaxe":11,"minecraft:ender_eye":6,"minecraft:apple":9,"minecraft:diamond_shovel":1,"minecraft:cracked_polished_blackstone_bricks":4,"minecraft:bread":14,"minecraft:iron_pickaxe":211,"tombstone:magic_scroll":3,"minecraft:cracked_nether_bricks":1,"tombstone:grave_key":40,"minecraft:diamond_sword":18,"minecraft:cobblestone":5,"minecraft:end_crystal":6,"minecraft:smithing_table":1,"minecraft:diamond_leggings":2,"tombstone:scroll_of_lightning_resistance":10},"minecraft:killed_by":{"minecraft:player":8,"minecraft:wither_skeleton":1,"minecraft:piglin_brute":7,"minecraft:enderman":3,"alexsmobs:straddler":1,"born_in_chaos_v1:corpse_fly":1,"minecraft:ender_dragon":6,"minecraft:shulker":1,"alexsmobs:mimicube":1,"minecraft:blaze":3,"born_in_chaos_v1:scarlet_persecutor":1},"minecraft:crafted":{"minecraft:oak_planks":4,"minecraft:blaze_powder":4,"minecraft:slime_block":7,"tombstone:grave_key":1,"minecraft:spruce_boat":1,"minecraft:crafting_table":3,"minecraft:spruce_planks":60,"minecraft:wooden_pickaxe":1,"biomesoplenty:fir_planks":4,"minecraft:stick":48,"minecraft:iron_pickaxe":1,"minecraft:wooden_axe":1},"minecraft:killed":{"minecraft:zombified_piglin":1,"minecraft:vindicator":1,"minecraft:slime":2,"minecraft:shulker":5,"born_in_chaos_v1:maggot":2,"minecraft:skeleton":1,"alexsmobs:straddler":1,"minecraft:piglin_brute":2,"minecraft:magma_cube":19,"minecraft:piglin":2,"aquamirae:maw":1,"minecraft:zombie_villager":1,"born_in_chaos_v1:baby_skeleton":1,"alexsmobs:stradpole":1,"aquamirae:captain_cornelia":1,"minecraft:ender_dragon":1,"alexsmobs:crimson_mosquito":1,"minecraft:zombie":3,"minecraft:enderman":5,"minecraft:blaze":12},"minecraft:custom":{"lootr:looted_stat":91,"minecraft:mob_kills":66,"minecraft:interact_with_crafting_table":8,"minecraft:open_barrel":2,"minecraft:damage_dealt_resisted":116,"minecraft:leave_game":5,"minecraft:time_since_death":6349,"minecraft:climb_one_cm":1184,"minecraft:sprint_one_cm":902869,"minecraft:walk_one_cm":1045725,"minecraft:damage_blocked_by_shield":62,"minecraft:drop":122,"minecraft:damage_dealt_absorbed":751,"minecraft:talked_to_villager":3,"minecraft:play_time":243401,"minecraft:deaths":42,"minecraft:sneak_time":7707,"minecraft:walk_under_water_one_cm":9310,"minecraft:boat_one_cm":4500,"minecraft:interact_with_lectern":1,"minecraft:jump":4483,"minecraft:walk_on_water_one_cm":13560,"minecraft:total_world_time":243401,"tombstone:raider_killed":1,"minecraft:sleep_in_bed":2,"minecraft:time_since_rest":6045,"minecraft:open_enderchest":2,"minecraft:damage_taken":26780,"tombstone:sneak_grave":3,"minecraft:damage_dealt":27999,"tombstone:cast_on_ally":6,"minecraft:swim_one_cm":24352,"minecraft:player_kills":20,"minecraft:fly_one_cm":2016043,"minecraft:open_chest":11,"minecraft:crouch_one_cm":62130,"tombstone:undead_killed":8,"minecraft:fall_one_cm":244969,"minecraft:interact_with_smithing_table":4},"minecraft:picked_up":{"minecraft:shulker_shell":4,"minecraft:crafting_table":2,"minecraft:nether_wart":3,"born_in_chaos_v1:seedof_chaos":2,"biomesoplenty:flesh":2,"wom:emerald_earrings":1,"minecraft:gold_block":2,"minecraft:shield":1,"minecraft:red_nether_bricks":9,"minecraft:blackstone":2,"alexsmobs:blood_sac":1,"minecraft:gold_nugget":5,"minecraft:ender_eye":2,"minecraft:poppy":3,"minecraft:iron_boots":1,"aquamirae:frozen_key":1,"minecraft:end_stone":149,"epicfight:skillbook":1,"minecraft:polished_blackstone_bricks":6,"iammusicplayer:cassette_tape":4,"minecraft:green_terracotta":2,"minecraft:tnt":2,"minecraft:arrow":3,"minecraft:rotten_flesh":2,"biomesoplenty:rose_quartz_chunk":4,"minecraft:pumpkin_pie":3,"minecraft:nether_bricks":5,"minecraft:hay_block":4,"minecraft:yellow_terracotta":5,"minecraft:blaze_rod":2,"minecraft:iron_bars":11,"iammusicplayer:boombox":2,"minecraft:skeleton_skull":1,"minecraft:cobblestone":6,"brewery:dumplings":27,"born_in_chaos_v1:corpse_maggot":3,"minecraft:basalt":62,"biomesoplenty:fir_sapling":1,"minecraft:potato":1,"minecraft:filled_map":2,"biomesoplenty:fir_log":2,"aquamirae:three_bolt_helmet":1,"minecraft:oak_log":1,"minecraft:lily_pad":2,"iammusicplayer:cassette_deck":4,"minecraft:blue_bed":1,"wom:emerald_tasset":2,"wom:netherite_belt":1,"born_in_chaos_v1:monster_skin":1,"naturalist:bass":1,"minecraft:bone":10,"minecraft:red_nether_brick_stairs":1,"iammusicplayer:music_manager":4,"iammusicplayer:radio_antenna":1,"chococraft:gold_gysahl":1,"minecraft:wheat_seeds":24,"minecraft:glass_bottle":5,"minecraft:iron_sword":2,"aquamirae:ship_graveyard_echo":1,"minecraft:sweet_berries":34,"aquamirae:oxygen_tank":1,"born_in_chaos_v1:ethereal_spirit":2,"minecraft:cracked_nether_bricks":1,"minecraft:quartz":5,"minecraft:lime_terracotta":30,"chococraft:gysahl_green_seeds":4,"minecraft:amethyst_shard":1,"minecraft:spruce_sapling":6,"minecraft:spruce_log":10,"minecraft:purple_bed":1,"aquamirae:music_disc_forsaken_drownage":1,"minecraft:slime_ball":2,"minecraft:diamond":4,"minecraft:cracked_polished_blackstone_bricks":7,"minecraft:crossbow":2,"minecraft:emerald":1,"tombstone:magic_scroll":125,"minecraft:netherrack":174,"minecraft:ender_pearl":1},"minecraft:mined":{"minecraft:yellow_terracotta":7,"minecraft:nether_gold_ore":1,"minecraft:diamond_ore":4,"iammusicplayer:cassette_deck":4,"minecraft:red_nether_bricks":9,"minecraft:end_stone":2,"minecraft:nether_bricks":5,"minecraft:cracked_polished_blackstone_bricks":7,"iammusicplayer:boombox":1,"minecraft:spruce_leaves":2,"minecraft:cracked_nether_bricks":1,"minecraft:spawner":1,"minecraft:polished_blackstone_bricks":6,"minecraft:red_nether_brick_stairs":1,"minecraft:fire":3,"treechop:chopped_log":5,"biomesoplenty:flesh":2,"minecraft:gold_block":3,"minecraft:stone":4,"biomesoplenty:rose_quartz_cluster":2,"iammusicplayer:music_manager":4,"minecraft:gray_concrete":1,"minecraft:basalt":60,"minecraft:crafting_table":2,"minecraft:torch":2,"minecraft:nether_quartz_ore":5,"minecraft:blue_bed":1,"minecraft:skeleton_skull":1,"minecraft:purple_bed":1,"minecraft:sweet_berry_bush":17,"minecraft:spruce_log":2,"minecraft:tnt":1,"minecraft:grass":11,"minecraft:lime_terracotta":3,"minecraft:sand":2,"minecraft:netherrack":90,"minecraft:fern":6},"minecraft:dropped":{"sophisticatedbackpacks:iron_backpack":1,"minecraft:enchanted_book":1,"minecraft:iron_ingot":18,"minecraft:iron_sword":1,"minecraft:wheat_seeds":20,"aquamirae:music_disc_forsaken_drownage":1,"minecraft:tnt":1,"minecraft:glass_bottle":11,"minecraft:ender_pearl":2,"minecraft:crossbow":2,"minecraft:cobblestone":1,"chococraft:gysahl_green_seeds":2,"minecraft:elytra":1,"biomesoplenty:fir_sapling":1,"minecraft:leather_helmet":1,"minecraft:emerald":1,"minecraft:stick":40,"aquamirae:three_bolt_helmet":1,"minecraft:cracked_polished_blackstone_bricks":3,"minecraft:milk_bucket":1,"born_in_chaos_v1:monster_skin":1,"minecraft:golden_carrot":19,"tombstone:magic_scroll":126,"tombstone:grave_key":1,"tombstone:grave_dust":2,"minecraft:amethyst_shard":1,"minecraft:polished_blackstone_bricks":6,"minecraft:iron_pickaxe":1,"minecraft:bone":2,"minecraft:spruce_sapling":6,"minecraft:gold_ingot":3,"born_in_chaos_v1:ethereal_spirit":1,"tombstone:gift":1,"wom:netherite_belt":2,"aether:leather_gloves":1,"iammusicplayer:radio_antenna":1,"minecraft:diamond_shovel":1,"minecraft:end_stone":299,"minecraft:blaze_powder":4,"minecraft:ender_eye":2,"iammusicplayer:boombox":1,"minecraft:nether_bricks":5,"minecraft:filled_map":2,"minecraft:poppy":3,"minecraft:potato":3,"alexsmobs:blood_sac":1,"aquamirae:oxygen_tank":1,"wom:emerald_earrings":1,"brewery:dumplings":55,"minecraft:red_nether_bricks":9,"minecraft:arrow":2,"wom:emerald_tasset":3,"iammusicplayer:cassette_tape":4,"minecraft:netherrack":2,"epicfight:skillbook":1,"farmersdelight:diamond_knife":1}},"DataVersion":3465}