{"stats":{"minecraft:used":{"minecraft:chainmail_chestplate":1,"alexsmobs:animal_dictionary":1,"tombstone:grave_key":2},"minecraft:killed_by":{"minecraft:player":1},"minecraft:picked_up":{"minecraft:wheat":1,"minecraft:armor_stand":1,"minecraft:chainmail_boots":1,"minecraft:wheat_seeds":5,"minecraft:chainmail_leggings":1,"minecraft:chainmail_chestplate":1,"minecraft:chainmail_helmet":1,"tombstone:grave_dust":1,"biomesoplenty:pink_daffodil":1,"minecraft:sugar_cane":8},"minecraft:custom":{"minecraft:damage_taken":577,"minecraft:time_since_rest":2115,"minecraft:play_time":13532,"minecraft:walk_one_cm":48617,"minecraft:crouch_one_cm":488,"minecraft:sprint_one_cm":61367,"minecraft:deaths":2,"minecraft:bell_ring":6,"minecraft:sneak_time":45,"minecraft:drop":3,"minecraft:jump":400,"minecraft:damage_dealt":786,"minecraft:leave_game":3,"minecraft:time_since_death":2333,"minecraft:total_world_time":13532,"minecraft:talked_to_villager":2,"minecraft:fall_one_cm":13258,"minecraft:fly_one_cm":110645,"minecraft:player_kills":3},"minecraft:mined":{"minecraft:grass":31,"biomesoplenty:clover":2,"biomesoplenty:high_grass":45,"biomesoplenty:high_grass_plant":100,"minecraft:tall_grass":12,"biomesoplenty:pink_daffodil":1,"minecraft:sugar_cane":4,"minecraft:oak_leaves":1},"minecraft:dropped":{"tombstone:grave_dust":1,"minecraft:wheat_seeds":1,"biomesoplenty:pink_daffodil":1}},"DataVersion":3465}