{"stats":{"minecraft:broken":{"vanillaplustools:iron_hammer":1,"minecraft:iron_chestplate":2,"minecraft:diamond_boots":1,"minecraft:wooden_axe":1,"beachparty:rubber_ring_pelican":1,"minecraft:iron_pickaxe":1,"minecraft:iron_helmet":1},"minecraft:used":{"simplyswords:thunderbrand":183,"iceandfire:dragon_skull_ice":2,"minecraft:elytra":15,"minecraft:chest":2,"minecraft:shield":29,"minecraft:iron_sword":5,"simplyswords:gold_warglaive":9,"minecraft:rotten_flesh":2,"minecraft:iron_chestplate":19,"minecraft:nether_bricks":1,"minecraft:tuff":1,"minecraft:obsidian":8,"born_in_chaos_v1:corpse_maggot":4,"minecraft:iron_helmet":1,"minecraft:stone_bricks":1,"minecraft:bow":34,"minecraft:sweet_berries":49,"minecraft:furnace":7,"biomesoplenty:flesh":2,"epicfight:skillbook":10,"minecraft:end_rod":1,"minecraft:diamond_boots":3,"minecraft:end_stone_bricks":2,"minecraft:oak_planks":1,"minecraft:chorus_fruit":22,"minecraft:blackstone":11,"minecraft:wooden_pickaxe":2,"biomesoplenty:fir_planks":244,"minecraft:composter":1,"simplyswords:diamond_halberd":68,"simplyswords:bramblethorn":7,"minecraft:glow_berries":10,"minecraft:purple_terracotta":1,"minecraft:shears":24,"minecraft:end_stone":936,"simplyswords:iron_greathammer":167,"minecraft:firework_rocket":39,"minecraft:crying_obsidian":4,"minecraft:melon_slice":2,"minecraft:bread":51,"minecraft:deepslate":1,"tombstone:grave_key":46,"farmersdelight:ham":4,"born_in_chaos_v1:rotten_fish":1,"chococraft:gysahl_green":89,"minecraft:purpur_block":3,"minecraft:iron_bars":1,"farmersdelight:diamond_knife":66,"minecraft:flint_and_steel":1,"minecraft:ender_chest":6,"minecraft:netherrack":271,"minecraft:torch":11,"minecraft:dirt":1,"minecraft:white_carpet":1,"wom:netherite_mask":3,"brewery:dumplings":31,"minecraft:shulker_box":5,"minecraft:golden_chestplate":1,"minecraft:wooden_axe":58,"wom:netherite_belt":1,"minecraft:iron_axe":150,"minecraft:slime_block":5,"minecraft:polished_blackstone_brick_stairs":3,"aquamirae:spinefish":16,"minecraft:crimson_planks":21,"minecraft:basalt":13,"minecraft:golden_carrot":23,"minecraft:beef":1,"minecraft:cobbled_deepslate":50,"naturalist:bass":1,"gnumus:overripe_carrot":2,"minecraft:polished_blackstone_bricks":10,"minecraft:salmon":5,"minecraft:tnt":1,"minecraft:crafting_table":12,"minecraft:cod":9,"gnumus:gnumus_cheese":2,"farmersdelight:smoked_ham":3,"tombstone:bag_of_seeds":1,"minecraft:ender_eye":2,"minecraft:diamond_pickaxe":215,"minecraft:apple":20,"minecraft:cracked_polished_blackstone_bricks":4,"minecraft:iron_pickaxe":647,"tombstone:magic_scroll":7,"minecraft:potion":1,"minecraft:cobblestone":9,"vanillaplustools:iron_hammer":321,"minecraft:pumpkin_pie":2,"minecraft:diamond_leggings":2,"beachparty:rubber_ring_pelican":6},"minecraft:crafted":{"minecraft:stone":5,"minecraft:cracked_stone_bricks":4,"minecraft:shulker_box":1,"vanillaplustools:iron_hammer":2,"explorerscompass:explorerscompass":1,"tombstone:grave_key":1,"minecraft:chest":2,"minecraft:ender_eye":2,"minecraft:stone_bricks":4,"minecraft:emerald":9,"minecraft:crafting_table":5,"minecraft:wooden_pickaxe":1,"minecraft:iron_helmet":1,"biomesoplenty:fir_planks":292,"minecraft:apple":64,"minecraft:iron_chestplate":2,"minecraft:paper":3,"minecraft:stick":8,"minecraft:iron_ingot":30,"minecraft:iron_pickaxe":21,"minecraft:shears":2,"minecraft:stone_button":1,"minecraft:furnace":7,"minecraft:iron_axe":2,"minecraft:diamond_boots":1,"minecraft:crimson_planks":12,"minecraft:bread":96,"minecraft:air":0,"minecraft:wooden_axe":2,"minecraft:iron_leggings":1,"minecraft:torch":16,"minecraft:firework_rocket":21},"minecraft:killed_by":{"minecraft:wither_skeleton":5,"minecraft:piglin_brute":3,"minecraft:creeper":1,"minecraft:pillager":5,"minecraft:vindicator":4,"minecraft:piglin":1,"aquamirae:captain_cornelia":4,"minecraft:blaze":2,"minecraft:player":12,"minecraft:enderman":1,"born_in_chaos_v1:zombie_clown":2,"epicsamurai:akaname":2,"minecraft:ender_dragon":3,"aquamirae:anglerfish":1,"minecraft:shulker":7,"alexsmobs:centipede_head":1,"alexsmobs:mimicube":1,"minecraft:skeleton":3,"born_in_chaos_v1:door_knight":1,"born_in_chaos_v1:missioner":2,"iceandfire:troll":1},"minecraft:killed":{"minecraft:cave_spider":1,"minecraft:zombified_piglin":1,"minecraft:spider":2,"born_in_chaos_v1:siamese_skeletonsright":1,"minecraft:shulker":17,"born_in_chaos_v1:scarlet_persecutor":3,"minecraft:skeleton":10,"born_in_chaos_v1:skeleton_thrasher":1,"alexsmobs:straddler":1,"born_in_chaos_v1:firelight_not_despawn":1,"minecraft:piglin":4,"minecraft:pig":1,"alexsmobs:grizzly_bear":1,"minecraft:salmon":1,"alexsmobs:stradpole":1,"alexsmobs:crimson_mosquito":3,"minecraft:pillager":19,"minecraft:zombie":7,"born_in_chaos_v1:dread_hound":5,"born_in_chaos_v1:corpse_fly":9,"minecraft:cow":5,"born_in_chaos_v1:siamese_skeletonsleft":1,"minecraft:blaze":2,"alexsmobs:mimicube":1,"born_in_chaos_v1:missioner":1,"minecraft:vindicator":4,"minecraft:slime":3,"born_in_chaos_v1:maggot":2,"gnumus:gnumus_worker":1,"born_in_chaos_v1:corpse_fish":4,"gnumus:gnumus_hunter_not_dispawn":3,"born_in_chaos_v1:swarmer":1,"iceandfire:troll":1,"epicsamurai:akaname":1,"minecraft:hoglin":1,"born_in_chaos_v1:decrepit_skeleton":2,"born_in_chaos_v1:bloody_gadfly":1,"iceandfire:ghost":1,"aquamirae:anglerfish":1,"minecraft:wither_skeleton":13,"minecraft:enderman":2},"minecraft:custom":{"lootr:looted_stat":161,"minecraft:interact_with_crafting_table":43,"minecraft:open_barrel":22,"minecraft:open_shulker_box":5,"minecraft:leave_game":1,"minecraft:time_since_death":4272,"minecraft:damage_resisted":4,"minecraft:sprint_one_cm":1433075,"minecraft:damage_blocked_by_shield":1750,"minecraft:drop":253,"minecraft:talked_to_villager":11,"minecraft:play_time":333361,"minecraft:deaths":72,"minecraft:jump":6947,"minecraft:walk_on_water_one_cm":168286,"minecraft:interact_with_furnace":52,"minecraft:traded_with_villager":32,"minecraft:sleep_in_bed":1,"minecraft:open_enderchest":19,"minecraft:damage_dealt":36071,"minecraft:player_kills":8,"minecraft:crouch_one_cm":136782,"tombstone:undead_killed":38,"minecraft:inspect_dispenser":1,"minecraft:mob_kills":145,"minecraft:damage_dealt_resisted":553,"minecraft:climb_one_cm":8995,"minecraft:walk_one_cm":1324976,"minecraft:damage_dealt_absorbed":421,"minecraft:sneak_time":17854,"minecraft:walk_under_water_one_cm":86252,"minecraft:interact_with_blast_furnace":1,"minecraft:total_world_time":333361,"tombstone:raider_killed":23,"minecraft:time_since_rest":3942,"minecraft:damage_taken":33047,"minecraft:damage_absorbed":40,"tombstone:cast_on_ally":0,"minecraft:swim_one_cm":319715,"minecraft:fly_one_cm":2856685,"minecraft:open_chest":38,"minecraft:aviate_one_cm":1148144,"minecraft:fall_one_cm":268565},"minecraft:picked_up":{"minecraft:shulker_shell":7,"chococraft:loverly_gysahl_green":2,"minecraft:wheat":7,"iceandfire:troll_weapon_hammer":1,"minecraft:ender_chest":7,"minecraft:anvil":1,"gnumus:gnumus_claw":2,"minecraft:enchanted_book":1,"minecraft:crimson_planks":14,"minecraft:golden_sword":1,"born_in_chaos_v1:black_argillite":1,"minecraft:polished_blackstone_brick_stairs":4,"minecraft:string":18,"minecraft:raw_copper":27,"minecraft:red_nether_bricks":9,"minecraft:armor_stand":1,"alexsmobs:blood_sac":3,"minecraft:cobbled_deepslate":560,"minecraft:crimson_fence":2,"biomesoplenty:fir_planks":5,"born_in_chaos_v1:charmof_power":1,"minecraft:spruce_planks":13,"minecraft:ender_eye":3,"minecraft:iron_pickaxe":1,"minecraft:melon_slice":4,"minecraft:coal_block":2,"minecraft:furnace":1,"minecraft:stick":105,"born_in_chaos_v1:shattered_skull":1,"explorerscompass:explorerscompass":1,"minecraft:composter":2,"minecraft:torch":7,"epicfight:skillbook":5,"minecraft:porkchop":4,"tombstone:grave_dust":4,"aquamirae:esca":1,"minecraft:golden_chestplate":1,"minecraft:green_terracotta":2,"minecraft:stone_sword":3,"minecraft:rotten_flesh":9,"minecraft:cyan_terracotta":1,"gnumus:gnumus_chickpeas":5,"minecraft:end_rod":1,"minecraft:chorus_flower":3,"minecraft:snowball":2,"minecraft:obsidian":1,"minecraft:iron_bars":9,"minecraft:blaze_powder":24,"simplyswords:thunderbrand":1,"minecraft:cobblestone":732,"gnumus:gnumus_doubloons":22,"minecraft:andesite":5,"gnumus:overripe_carrot":3,"minecraft:potato":7,"biomesoplenty:fir_sapling":44,"biomesoplenty:fir_log":247,"brewery:corn_seeds":3,"minecraft:tuff":12,"minecraft:lapis_lazuli":65,"minecraft:dirt":1,"wom:emerald_tasset":1,"aquamirae:fin":1,"gnumus:gnumus_pouch_2":4,"born_in_chaos_v1:monster_skin":2,"minecraft:leather_boots":3,"minecraft:bone":19,"minecraft:bow":2,"minecraft:wheat_seeds":26,"aquamirae:wisteria_niveis":1,"minecraft:raw_gold":13,"minecraft:rabbit":3,"minecraft:glowstone_dust":6,"minecraft:oak_planks":5,"patchouli:guide_book":1,"aquamirae:oxygen_tank":1,"minecraft:lime_terracotta":14,"minecraft:poisonous_potato":1,"minecraft:stripped_crimson_stem":3,"sophisticatedbackpacks:iron_backpack":1,"minecraft:shulker_box":5,"minecraft:spectral_arrow":22,"minecraft:deepslate":1,"minecraft:diamond":23,"alexsmobs:mimicream":1,"minecraft:slime_block":14,"gnumus:gnumus_clay":21,"minecraft:cracked_polished_blackstone_bricks":11,"minecraft:crossbow":4,"minecraft:emerald":13,"minecraft:chainmail_helmet":1,"epicsamurai:ruby":1,"born_in_chaos_v1:rotten_fish":2,"minecraft:netherrack":370,"minecraft:chorus_fruit":26,"iceandfire:raw_silver":1,"minecraft:end_stone_bricks":4,"minecraft:crafting_table":8,"born_in_chaos_v1:charmof_resistance":1,"iceandfire:witherbone":6,"minecraft:chicken":3,"minecraft:ladder":1,"minecraft:leather_leggings":1,"biomesoplenty:flesh":9,"minecraft:wooden_pickaxe":1,"minecraft:gold_block":7,"minecraft:purpur_block":2,"aquamirae:sharp_bones":2,"minecraft:elytra":1,"minecraft:flint_and_steel":1,"epicsamurai:jade":6,"minecraft:white_carpet":2,"minecraft:blackstone":18,"minecraft:beef":1,"epicsamurai:akaname_tongue":1,"minecraft:spruce_slab":1,"minecraft:sugar_cane":5,"minecraft:chest":1,"minecraft:raw_iron":62,"iceandfire:dragonbone":8,"minecraft:end_stone":979,"minecraft:stone":2,"minecraft:polished_blackstone_bricks":27,"iammusicplayer:cassette_tape":1,"born_in_chaos_v1:pieceofdarkmetal":3,"minecraft:redstone":33,"minecraft:prismarine_crystals":3,"minecraft:purple_terracotta":3,"iceandfire:dragon_skull_ice":2,"minecraft:tnt":1,"minecraft:arrow":27,"minecraft:nether_bricks":6,"minecraft:purpur_slab":2,"minecraft:yellow_terracotta":6,"aquamirae:treasure_pouch":1,"gnumus:mouse_skin":16,"minecraft:glow_berries":9,"minecraft:white_wool":6,"wom:netherite_mask":1,"born_in_chaos_v1:fused_bone":1,"brewery:dumplings":20,"born_in_chaos_v1:corpse_maggot":6,"minecraft:air":0,"minecraft:basalt":13,"minecraft:glow_ink_sac":2,"born_in_chaos_v1:monster_flesh":1,"minecraft:golden_carrot":14,"minecraft:salmon":1,"minecraft:leather":6,"gnumus:gnumus_pouch":1,"minecraft:chainmail_chestplate":1,"minecraft:cobbled_deepslate_stairs":2,"minecraft:gunpowder":1,"minecraft:white_banner":1,"tombstone:gift":1,"minecraft:stone_bricks":10,"chococraft:gysahl_green":102,"minecraft:apple":2,"chococraft:gold_gysahl":1,"minecraft:kelp":35,"minecraft:iron_ingot":28,"minecraft:cobweb":24,"tombstone:bag_of_seeds":1,"epicsamurai:aquamarine":4,"minecraft:iron_sword":4,"simplyswords:bramblethorn":1,"minecraft:sweet_berries":48,"born_in_chaos_v1:ethereal_spirit":4,"minecraft:quartz":11,"minecraft:dripstone_block":3,"minecraft:amethyst_shard":1,"gnumus:gnumus_cheese":2,"chococraft:gysahl_green_seeds":9,"minecraft:spider_eye":1,"minecraft:dragon_egg":1,"minecraft:slime_ball":2,"minecraft:deepslate_redstone_ore":1,"tombstone:magic_scroll":2,"minecraft:coal":60,"minecraft:ender_pearl":5},"minecraft:mined":{"minecraft:spruce_planks":8,"minecraft:cobbled_deepslate_stairs":1,"minecraft:red_nether_bricks":1,"minecraft:obsidian":1,"minecraft:grass_block":2,"minecraft:cracked_polished_blackstone_bricks":8,"minecraft:coal_block":2,"minecraft:purpur_slab":2,"minecraft:composter":2,"minecraft:spawner":7,"minecraft:polished_blackstone_bricks":21,"epicsamurai:deepslate_jade_ore":6,"minecraft:glowstone":2,"minecraft:cobbled_deepslate":2,"minecraft:iron_ore":43,"minecraft:fire":6,"minecraft:anvil":1,"minecraft:twisting_vines":1,"chococraft:gysahl_green":33,"minecraft:iron_bars":2,"minecraft:end_stone_bricks":4,"minecraft:spruce_slab":1,"minecraft:deepslate_redstone_ore":4,"lootr:lootr_chest":1,"minecraft:cyan_terracotta":1,"minecraft:blackstone":23,"minecraft:soul_fire":1,"minecraft:clay":7,"minecraft:torch":6,"minecraft:melon":1,"minecraft:nether_quartz_ore":11,"minecraft:cobblestone":44,"minecraft:slime_block":17,"minecraft:oak_planks":6,"minecraft:sugar_cane":2,"minecraft:crimson_stairs":1,"minecraft:wall_torch":1,"minecraft:warped_nylium":2,"minecraft:wheat":10,"aquamirae:wisteria_niveis":1,"biomesoplenty:large_rose_quartz_bud":1,"minecraft:tnt":1,"minecraft:stone_brick_stairs":1,"minecraft:grass":10,"minecraft:lime_terracotta":16,"minecraft:dirt":7,"minecraft:crimson_planks":16,"minecraft:netherrack":406,"minecraft:stripped_crimson_stem":3,"minecraft:deepslate":551,"minecraft:infested_deepslate":1,"minecraft:yellow_terracotta":4,"minecraft:nether_gold_ore":1,"minecraft:tuff":84,"iceandfire:silver_ore":2,"minecraft:deepslate_diamond_ore":23,"minecraft:sea_lantern":1,"minecraft:shulker_box":5,"minecraft:end_stone":1059,"minecraft:ladder":1,"minecraft:nether_bricks":1,"minecraft:purple_terracotta":2,"born_in_chaos_v1:black_argillite":1,"minecraft:hay_block":4,"minecraft:redstone_ore":4,"minecraft:dead_brain_coral":1,"minecraft:furnace":1,"minecraft:green_terracotta":2,"minecraft:andesite":3,"treechop:chopped_log":6,"biomesoplenty:flesh":9,"minecraft:gold_block":6,"minecraft:deepslate_iron_ore":16,"minecraft:packed_ice":4,"minecraft:chorus_plant":4,"minecraft:stone":779,"minecraft:white_wool":3,"minecraft:ender_chest":7,"minecraft:basalt":31,"epicsamurai:deepslate_aquamarine_ore":4,"minecraft:crafting_table":9,"biomesoplenty:fir_planks":4,"minecraft:crimson_slab":1,"minecraft:copper_ore":8,"minecraft:deepslate_gold_ore":10,"minecraft:lapis_ore":10,"minecraft:lily_pad":1,"minecraft:polished_blackstone_brick_stairs":2,"minecraft:spruce_stairs":1,"minecraft:sweet_berry_bush":16,"minecraft:ice":9,"minecraft:white_carpet":2,"minecraft:spruce_log":1,"minecraft:coal_ore":63,"minecraft:end_rod":1,"minecraft:cobweb":37,"minecraft:stone_bricks":12,"minecraft:mossy_stone_bricks":1,"minecraft:crimson_fence":2,"minecraft:fern":4},"minecraft:dropped":{"minecraft:iron_sword":4,"chococraft:loverly_gysahl_green":2,"gnumus:overripe_carrot":1,"minecraft:glass_bottle":1,"minecraft:crossbow":4,"minecraft:lime_terracotta":14,"minecraft:glow_berries":3,"minecraft:leather":2,"minecraft:iron_horse_armor":1,"born_in_chaos_v1:pieceofdarkmetal":3,"minecraft:rail":7,"gnumus:mouse_skin":16,"biomesoplenty:fir_sapling":44,"born_in_chaos_v1:monster_flesh":1,"minecraft:cracked_polished_blackstone_bricks":5,"born_in_chaos_v1:monster_skin":2,"gnumus:gnumus_claw":2,"minecraft:stone_button":1,"minecraft:snowball":2,"beachparty:rubber_ring_pelican":1,"minecraft:pumpkin_pie":3,"minecraft:amethyst_shard":2,"minecraft:polished_blackstone_bricks":7,"minecraft:iron_pickaxe":2,"minecraft:bone":18,"minecraft:purpur_block":9,"minecraft:sugar_cane":2,"minecraft:blackstone":4,"minecraft:cobbled_deepslate":264,"minecraft:golden_chestplate":6,"wom:netherite_mask":1,"alexsmobs:animal_dictionary":1,"minecraft:wheat":7,"born_in_chaos_v1:ethereal_spirit":1,"tombstone:gift":3,"minecraft:rotten_flesh":7,"aether:leather_gloves":2,"minecraft:end_stone":125,"iammusicplayer:boombox":1,"patchouli:guide_book":1,"minecraft:chainmail_chestplate":1,"gnumus:gnumus_doubloons":16,"born_in_chaos_v1:corpse_maggot":2,"minecraft:leather_boots":6,"minecraft:ladder":1,"minecraft:spruce_wood":3,"epicsamurai:akaname_tongue":1,"minecraft:spruce_slab":1,"minecraft:arrow":2,"minecraft:red_nether_bricks":9,"minecraft:iron_bars":9,"minecraft:end_stone_bricks":2,"iammusicplayer:cassette_tape":3,"biomesoplenty:flesh":7,"aquamirae:sharp_bones":15,"minecraft:netherrack":63,"minecraft:crimson_planks":6,"minecraft:enchanted_book":1,"minecraft:iron_ingot":1,"minecraft:purple_terracotta":2,"born_in_chaos_v1:shattered_skull":1,"minecraft:wheat_seeds":26,"minecraft:chorus_flower":3,"minecraft:cobbled_deepslate_stairs":2,"brewery:barley_seeds":3,"chococraft:gold_gysahl":1,"minecraft:dripstone_block":3,"minecraft:poisonous_potato":1,"minecraft:yellow_terracotta":3,"minecraft:prismarine_crystals":3,"minecraft:purpur_slab":2,"minecraft:iron_helmet":1,"minecraft:cobblestone":329,"minecraft:spectral_arrow":22,"aquamirae:wisteria_niveis":1,"chococraft:gysahl_green_seeds":9,"brewery:corn_seeds":6,"minecraft:chainmail_helmet":1,"minecraft:coal":19,"born_in_chaos_v1:black_argillite":1,"minecraft:rabbit":3,"minecraft:melon_slice":2,"born_in_chaos_v1:fused_bone":1,"tombstone:grave_dust":4,"minecraft:potion":1,"minecraft:iron_leggings":2,"minecraft:crimson_fence":56,"minecraft:string":12,"simplyswords:thunderbrand":1,"minecraft:sweet_berries":3,"minecraft:kelp":32,"minecraft:green_terracotta":2,"minecraft:player_head":1,"minecraft:nether_wart":3,"minecraft:stone_sword":3,"minecraft:tuff":2,"born_in_chaos_v1:rotten_fish":1,"alexsmobs:mimicream":1,"minecraft:chicken":3,"minecraft:white_carpet":1,"iammusicplayer:radio_antenna":2,"minecraft:ender_eye":1,"minecraft:nether_bricks":5,"minecraft:flint_and_steel":3,"minecraft:filled_map":1,"minecraft:stone":2,"minecraft:shield":1,"biomesoplenty:fir_planks":1,"gnumus:gnumus_clay":21,"aether:iron_gloves":1,"minecraft:spruce_planks":12,"minecraft:andesite":4,"gnumus:gnumus_chickpeas":5,"minecraft:golden_sword":1,"minecraft:stone_bricks":9,"minecraft:slime_ball":2,"wom:emerald_tasset":1,"minecraft:bow":1,"minecraft:wooden_pickaxe":2,"minecraft:magma_cream":15,"chococraft:gysahl_green":13}},"DataVersion":3465}