{"stats":{"minecraft:custom":{"lootr:looted_stat":5,"minecraft:mob_kills":21,"minecraft:interact_with_crafting_table":4,"minecraft:damage_dealt_resisted":111,"minecraft:leave_game":1,"minecraft:time_since_death":9566,"minecraft:sleep_in_bed":2,"minecraft:climb_one_cm":2909,"minecraft:time_since_rest":7167,"minecraft:sprint_one_cm":319882,"minecraft:damage_taken":1760,"minecraft:walk_one_cm":125146,"minecraft:drop":33,"minecraft:damage_dealt":5065,"minecraft:swim_one_cm":2628,"minecraft:talked_to_villager":10,"minecraft:fly_one_cm":378915,"minecraft:crouch_one_cm":3982,"minecraft:play_time":35832,"tombstone:undead_killed":10,"minecraft:deaths":4,"minecraft:sneak_time":918,"minecraft:walk_under_water_one_cm":6050,"minecraft:jump":981,"minecraft:walk_on_water_one_cm":14913,"minecraft:total_world_time":35832,"minecraft:fall_one_cm":33842},"minecraft:killed":{"minecraft:cave_spider":1,"minecraft:spider":1,"minecraft:iron_golem":1,"born_in_chaos_v1:zombie_bruiser":1,"born_in_chaos_v1:decrepit_skeleton":1,"born_in_chaos_v1:maggot":4,"minecraft:skeleton":4,"minecraft:zombie":4,"born_in_chaos_v1:dread_hound":1,"born_in_chaos_v1:dark_vortex":1,"gnumus:gnumus_hunter":2},"minecraft:dropped":{"minecraft:wheat_seeds":128,"biomesoplenty:pink_daffodil":1,"minecraft:wheat":2,"born_in_chaos_v1:ethereal_spirit":1,"minecraft:rotten_flesh":3,"minecraft:oak_planks":1,"iceandfire:shiny_scales":2,"minecraft:item_frame":2,"minecraft:poppy":1,"minecraft:dirt":15,"minecraft:beetroot_seeds":4,"tombstone:grave_dust":1,"minecraft:white_dye":1,"minecraft:wooden_sword":1,"minecraft:paper":2,"iceandfire:manuscript":11},"minecraft:used":{"minecraft:polished_andesite":1,"minecraft:wooden_pickaxe":13,"minecraft:iron_sword":67,"minecraft:dirt":1,"minecraft:crafting_table":3,"minecraft:carrot":7,"epicfight:stone_spear":3,"minecraft:bread":20,"tombstone:grave_key":2,"minecraft:stone_bricks":1,"minecraft:wooden_sword":31,"minecraft:cobblestone":10,"alexsmobs:animal_dictionary":1,"minecraft:potato":7},"minecraft:picked_up":{"minecraft:birch_log":8,"epicfight:stone_spear":1,"minecraft:wheat":68,"born_in_chaos_v1:monster_flesh":1,"gnumus:gnumus_claw":4,"minecraft:potato":14,"minecraft:oak_log":4,"minecraft:lapis_lazuli":2,"minecraft:dirt":16,"minecraft:string":5,"minecraft:item_frame":2,"minecraft:bone":7,"minecraft:stone_bricks":1,"minecraft:wheat_seeds":267,"minecraft:iron_ingot":6,"tombstone:bag_of_seeds":1,"minecraft:poppy":1,"born_in_chaos_v1:ethereal_spirit":2,"epicfight:skillbook":1,"minecraft:white_dye":1,"born_in_chaos_v1:dark_rod":1,"tombstone:grave_dust":1,"minecraft:carrot":24,"minecraft:redstone":1,"minecraft:polished_andesite":1,"minecraft:bundle":2,"minecraft:rotten_flesh":3,"minecraft:beetroot_seeds":4,"minecraft:gold_ingot":2,"biomesoplenty:pink_daffodil":1,"minecraft:cobblestone":10},"minecraft:killed_by":{"minecraft:player":1,"minecraft:skeleton":1,"born_in_chaos_v1:supreme_bonescaller_not_despawn":1,"minecraft:zombie":1},"minecraft:crafted":{"minecraft:wooden_sword":1,"minecraft:oak_planks":16,"minecraft:crafting_table":3,"minecraft:wooden_pickaxe":1,"minecraft:iron_sword":1,"minecraft:birch_planks":32,"minecraft:bread":21,"minecraft:stick":8},"minecraft:mined":{"minecraft:glass_pane":2,"minecraft:grass_block":1,"biomesoplenty:high_grass_plant":1,"minecraft:carrots":18,"minecraft:birch_log":1,"minecraft:wheat":84,"treechop:chopped_log":1,"biomesoplenty:high_grass":3,"minecraft:grass":3,"biomesoplenty:clover":3,"minecraft:potatoes":7,"minecraft:oak_log":4,"minecraft:beetroots":4,"minecraft:dirt":1,"minecraft:cobweb":5,"minecraft:stone_bricks":1,"minecraft:polished_andesite":1,"minecraft:stone":10}},"DataVersion":3465}