{"stats":{"minecraft:mined":{"minecraft:spruce_planks":8,"minecraft:cobbled_deepslate_stairs":1,"minecraft:red_nether_bricks":1,"minecraft:obsidian":1,"minecraft:grass_block":1,"minecraft:cracked_polished_blackstone_bricks":8,"minecraft:purpur_slab":2,"minecraft:spawner":6,"minecraft:polished_blackstone_bricks":21,"minecraft:glowstone":2,"minecraft:iron_ore":20,"minecraft:fire":5,"minecraft:anvil":1,"minecraft:twisting_vines":1,"chococraft:gysahl_green":32,"minecraft:iron_bars":2,"minecraft:end_stone_bricks":4,"minecraft:spruce_slab":1,"lootr:lootr_chest":1,"minecraft:cyan_terracotta":1,"minecraft:blackstone":23,"minecraft:soul_fire":1,"minecraft:clay":7,"minecraft:melon":1,"minecraft:nether_quartz_ore":11,"minecraft:cobblestone":41,"minecraft:slime_block":17,"minecraft:crimson_stairs":1,"minecraft:warped_nylium":2,"aquamirae:wisteria_niveis":1,"biomesoplenty:large_rose_quartz_bud":1,"minecraft:stone_brick_stairs":1,"minecraft:grass":8,"minecraft:lime_terracotta":16,"minecraft:dirt":3,"minecraft:crimson_planks":10,"minecraft:netherrack":406,"minecraft:stripped_crimson_stem":3,"minecraft:deepslate":1,"minecraft:yellow_terracotta":4,"minecraft:nether_gold_ore":1,"minecraft:tuff":10,"iceandfire:silver_ore":1,"minecraft:sea_lantern":1,"minecraft:end_stone":1050,"minecraft:ladder":1,"minecraft:nether_bricks":1,"minecraft:purple_terracotta":1,"minecraft:hay_block":4,"minecraft:dead_brain_coral":1,"minecraft:furnace":1,"minecraft:andesite":3,"minecraft:green_terracotta":2,"treechop:chopped_log":4,"biomesoplenty:flesh":9,"minecraft:gold_block":6,"minecraft:deepslate_iron_ore":4,"minecraft:chorus_plant":4,"minecraft:stone":46,"minecraft:white_wool":3,"minecraft:ender_chest":2,"minecraft:basalt":31,"minecraft:crafting_table":7,"biomesoplenty:fir_planks":4,"minecraft:crimson_slab":1,"minecraft:lapis_ore":2,"minecraft:lily_pad":1,"minecraft:polished_blackstone_brick_stairs":1,"minecraft:spruce_stairs":1,"minecraft:sweet_berry_bush":2,"minecraft:ice":1,"minecraft:white_carpet":2,"minecraft:spruce_log":1,"minecraft:end_rod":1,"minecraft:stone_bricks":12,"minecraft:mossy_stone_bricks":1,"minecraft:crimson_fence":2,"minecraft:fern":2},"minecraft:dropped":{"minecraft:iron_sword":3,"chococraft:loverly_gysahl_green":2,"gnumus:overripe_carrot":1,"minecraft:glass_bottle":1,"minecraft:crossbow":3,"minecraft:lime_terracotta":14,"minecraft:glow_berries":3,"minecraft:leather":2,"born_in_chaos_v1:pieceofdarkmetal":3,"gnumus:mouse_skin":16,"biomesoplenty:fir_sapling":8,"minecraft:cracked_polished_blackstone_bricks":5,"gnumus:gnumus_claw":2,"minecraft:stone_button":1,"beachparty:rubber_ring_pelican":1,"minecraft:pumpkin_pie":3,"minecraft:polished_blackstone_bricks":7,"minecraft:iron_pickaxe":2,"minecraft:bone":18,"minecraft:purpur_block":9,"minecraft:blackstone":4,"minecraft:sugar_cane":1,"minecraft:golden_chestplate":1,"alexsmobs:animal_dictionary":1,"tombstone:gift":3,"minecraft:end_stone":108,"iammusicplayer:boombox":1,"patchouli:guide_book":1,"minecraft:chainmail_chestplate":1,"gnumus:gnumus_doubloons":16,"minecraft:leather_boots":5,"minecraft:ladder":1,"minecraft:spruce_wood":3,"minecraft:spruce_slab":1,"minecraft:end_stone_bricks":2,"minecraft:red_nether_bricks":9,"minecraft:iron_bars":9,"minecraft:arrow":2,"iammusicplayer:cassette_tape":3,"biomesoplenty:flesh":7,"aquamirae:sharp_bones":15,"minecraft:netherrack":63,"minecraft:crimson_planks":6,"minecraft:enchanted_book":1,"minecraft:purple_terracotta":1,"born_in_chaos_v1:shattered_skull":1,"minecraft:wheat_seeds":7,"minecraft:chorus_flower":3,"minecraft:cobbled_deepslate_stairs":2,"brewery:barley_seeds":3,"minecraft:dripstone_block":3,"minecraft:purpur_slab":2,"minecraft:cobblestone":13,"minecraft:spectral_arrow":22,"aquamirae:wisteria_niveis":1,"chococraft:gysahl_green_seeds":7,"brewery:corn_seeds":6,"minecraft:chainmail_helmet":1,"minecraft:coal":9,"minecraft:melon_slice":2,"minecraft:rabbit":3,"born_in_chaos_v1:fused_bone":1,"tombstone:grave_dust":4,"minecraft:crimson_fence":2,"minecraft:string":10,"simplyswords:thunderbrand":1,"minecraft:kelp":32,"minecraft:sweet_berries":3,"minecraft:green_terracotta":2,"minecraft:player_head":1,"minecraft:stone_sword":3,"minecraft:tuff":2,"born_in_chaos_v1:rotten_fish":1,"alexsmobs:mimicream":1,"minecraft:chicken":3,"minecraft:white_carpet":1,"iammusicplayer:radio_antenna":2,"minecraft:ender_eye":1,"minecraft:nether_bricks":5,"minecraft:flint_and_steel":3,"minecraft:filled_map":1,"biomesoplenty:fir_planks":1,"gnumus:gnumus_clay":21,"aether:iron_gloves":1,"minecraft:spruce_planks":12,"minecraft:andesite":4,"gnumus:gnumus_chickpeas":5,"minecraft:golden_sword":1,"minecraft:stone_bricks":9,"minecraft:slime_ball":2,"minecraft:bow":1,"wom:emerald_tasset":1,"minecraft:wooden_pickaxe":2,"chococraft:gysahl_green":13},"minecraft:custom":{"lootr:looted_stat":157,"minecraft:interact_with_crafting_table":31,"minecraft:open_barrel":22,"minecraft:leave_game":1,"minecraft:time_since_death":2707,"minecraft:sprint_one_cm":1064766,"minecraft:damage_blocked_by_shield":450,"minecraft:drop":161,"minecraft:talked_to_villager":4,"minecraft:play_time":236625,"minecraft:deaths":55,"minecraft:jump":5192,"minecraft:walk_on_water_one_cm":148182,"minecraft:interact_with_furnace":13,"minecraft:sleep_in_bed":1,"minecraft:open_enderchest":10,"minecraft:damage_dealt":23983,"minecraft:player_kills":5,"minecraft:crouch_one_cm":130079,"tombstone:undead_killed":28,"minecraft:inspect_dispenser":1,"minecraft:mob_kills":103,"minecraft:damage_dealt_resisted":192,"minecraft:climb_one_cm":8443,"minecraft:walk_one_cm":917856,"minecraft:damage_dealt_absorbed":421,"minecraft:sneak_time":15576,"minecraft:walk_under_water_one_cm":73533,"minecraft:interact_with_blast_furnace":1,"minecraft:total_world_time":236625,"tombstone:raider_killed":11,"minecraft:time_since_rest":2549,"minecraft:damage_taken":25827,"minecraft:damage_absorbed":40,"minecraft:swim_one_cm":292881,"minecraft:fly_one_cm":1771682,"minecraft:open_chest":32,"minecraft:aviate_one_cm":538381,"minecraft:fall_one_cm":215571},"minecraft:killed":{"minecraft:zombified_piglin":1,"minecraft:spider":1,"born_in_chaos_v1:siamese_skeletonsright":1,"minecraft:shulker":17,"minecraft:skeleton":7,"born_in_chaos_v1:skeleton_thrasher":1,"alexsmobs:straddler":1,"born_in_chaos_v1:firelight_not_despawn":1,"minecraft:piglin":4,"minecraft:pig":1,"alexsmobs:grizzly_bear":1,"alexsmobs:stradpole":1,"alexsmobs:crimson_mosquito":3,"minecraft:pillager":7,"minecraft:zombie":2,"born_in_chaos_v1:dread_hound":2,"born_in_chaos_v1:corpse_fly":4,"born_in_chaos_v1:siamese_skeletonsleft":1,"minecraft:cow":5,"minecraft:blaze":2,"alexsmobs:mimicube":1,"minecraft:vindicator":4,"minecraft:slime":3,"gnumus:gnumus_worker":1,"born_in_chaos_v1:corpse_fish":4,"gnumus:gnumus_hunter_not_dispawn":3,"epicsamurai:akaname":1,"minecraft:hoglin":1,"born_in_chaos_v1:decrepit_skeleton":1,"iceandfire:ghost":1,"aquamirae:anglerfish":1,"minecraft:wither_skeleton":13,"minecraft:enderman":2},"minecraft:picked_up":{"minecraft:shulker_shell":7,"chococraft:loverly_gysahl_green":2,"minecraft:ender_chest":2,"minecraft:anvil":1,"gnumus:gnumus_claw":2,"minecraft:enchanted_book":1,"minecraft:crimson_planks":8,"minecraft:golden_sword":1,"minecraft:polished_blackstone_brick_stairs":1,"minecraft:string":2,"minecraft:red_nether_bricks":9,"minecraft:armor_stand":1,"alexsmobs:blood_sac":3,"minecraft:crimson_fence":2,"biomesoplenty:fir_planks":4,"minecraft:spruce_planks":13,"minecraft:ender_eye":3,"minecraft:iron_pickaxe":1,"minecraft:melon_slice":4,"minecraft:furnace":1,"minecraft:stick":83,"born_in_chaos_v1:shattered_skull":1,"explorerscompass:explorerscompass":1,"epicfight:skillbook":4,"minecraft:porkchop":4,"tombstone:grave_dust":4,"aquamirae:esca":1,"minecraft:green_terracotta":2,"minecraft:stone_sword":3,"gnumus:gnumus_chickpeas":5,"minecraft:cyan_terracotta":1,"minecraft:end_rod":1,"minecraft:chorus_flower":3,"minecraft:obsidian":1,"minecraft:iron_bars":9,"minecraft:cobblestone":43,"simplyswords:thunderbrand":1,"minecraft:blaze_powder":24,"gnumus:gnumus_doubloons":22,"minecraft:andesite":5,"gnumus:overripe_carrot":3,"biomesoplenty:fir_sapling":8,"biomesoplenty:fir_log":63,"brewery:corn_seeds":3,"minecraft:tuff":12,"minecraft:lapis_lazuli":10,"wom:emerald_tasset":1,"aquamirae:fin":1,"gnumus:gnumus_pouch_2":4,"minecraft:leather_boots":3,"minecraft:bone":18,"minecraft:bow":2,"minecraft:wheat_seeds":7,"aquamirae:wisteria_niveis":1,"minecraft:rabbit":3,"minecraft:glowstone_dust":6,"patchouli:guide_book":1,"minecraft:lime_terracotta":14,"minecraft:stripped_crimson_stem":3,"sophisticatedbackpacks:iron_backpack":1,"minecraft:spectral_arrow":22,"alexsmobs:mimicream":1,"minecraft:slime_block":14,"gnumus:gnumus_clay":21,"minecraft:cracked_polished_blackstone_bricks":11,"minecraft:crossbow":3,"minecraft:emerald":12,"minecraft:chainmail_helmet":1,"born_in_chaos_v1:rotten_fish":2,"minecraft:chorus_fruit":26,"minecraft:netherrack":370,"minecraft:end_stone_bricks":4,"minecraft:crafting_table":6,"minecraft:chicken":3,"iceandfire:witherbone":6,"minecraft:ladder":1,"biomesoplenty:flesh":9,"minecraft:wooden_pickaxe":1,"minecraft:gold_block":7,"minecraft:purpur_block":2,"aquamirae:sharp_bones":2,"minecraft:elytra":1,"minecraft:flint_and_steel":1,"minecraft:white_carpet":2,"minecraft:blackstone":18,"minecraft:beef":1,"minecraft:spruce_slab":1,"minecraft:sugar_cane":1,"minecraft:chest":1,"minecraft:raw_iron":30,"minecraft:end_stone":974,"minecraft:polished_blackstone_bricks":27,"born_in_chaos_v1:pieceofdarkmetal":3,"iammusicplayer:cassette_tape":1,"minecraft:prismarine_crystals":3,"minecraft:purple_terracotta":1,"minecraft:arrow":25,"minecraft:nether_bricks":6,"minecraft:purpur_slab":2,"minecraft:yellow_terracotta":3,"aquamirae:treasure_pouch":1,"gnumus:mouse_skin":16,"minecraft:glow_berries":9,"minecraft:white_wool":6,"born_in_chaos_v1:fused_bone":1,"brewery:dumplings":20,"minecraft:air":0,"minecraft:basalt":13,"minecraft:golden_carrot":14,"minecraft:leather":6,"gnumus:gnumus_pouch":1,"minecraft:chainmail_chestplate":1,"minecraft:cobbled_deepslate_stairs":2,"tombstone:gift":1,"chococraft:gysahl_green":90,"minecraft:apple":2,"minecraft:stone_bricks":9,"minecraft:kelp":35,"minecraft:iron_ingot":28,"tombstone:bag_of_seeds":1,"minecraft:iron_sword":3,"simplyswords:bramblethorn":1,"minecraft:sweet_berries":8,"minecraft:quartz":11,"minecraft:dripstone_block":3,"minecraft:amethyst_shard":1,"gnumus:gnumus_cheese":2,"chococraft:gysahl_green_seeds":7,"minecraft:dragon_egg":1,"minecraft:spider_eye":1,"minecraft:slime_ball":2,"tombstone:magic_scroll":2,"minecraft:coal":11,"minecraft:ender_pearl":5},"minecraft:broken":{"minecraft:iron_chestplate":1,"minecraft:wooden_axe":1,"minecraft:iron_pickaxe":1,"minecraft:iron_helmet":1},"minecraft:used":{"simplyswords:thunderbrand":101,"minecraft:elytra":2,"minecraft:shield":14,"minecraft:chest":2,"minecraft:iron_sword":5,"simplyswords:gold_warglaive":5,"minecraft:iron_chestplate":7,"minecraft:nether_bricks":1,"minecraft:tuff":1,"minecraft:obsidian":8,"minecraft:iron_helmet":1,"minecraft:bow":34,"minecraft:sweet_berries":2,"minecraft:furnace":2,"biomesoplenty:flesh":2,"epicfight:skillbook":10,"minecraft:end_rod":1,"minecraft:end_stone_bricks":2,"minecraft:diamond_boots":3,"minecraft:chorus_fruit":12,"minecraft:blackstone":11,"minecraft:wooden_pickaxe":2,"biomesoplenty:fir_planks":203,"simplyswords:bramblethorn":7,"minecraft:glow_berries":10,"minecraft:end_stone":933,"simplyswords:iron_greathammer":167,"minecraft:firework_rocket":12,"minecraft:crying_obsidian":4,"minecraft:bread":22,"minecraft:melon_slice":2,"tombstone:grave_key":44,"farmersdelight:ham":4,"born_in_chaos_v1:rotten_fish":1,"chococraft:gysahl_green":77,"minecraft:purpur_block":3,"minecraft:iron_bars":1,"farmersdelight:diamond_knife":48,"minecraft:flint_and_steel":1,"minecraft:ender_chest":1,"minecraft:netherrack":271,"minecraft:white_carpet":1,"wom:netherite_mask":1,"brewery:dumplings":31,"minecraft:golden_chestplate":1,"minecraft:wooden_axe":58,"minecraft:iron_axe":83,"wom:netherite_belt":1,"minecraft:slime_block":5,"aquamirae:spinefish":16,"minecraft:crimson_planks":15,"minecraft:basalt":13,"minecraft:golden_carrot":23,"minecraft:beef":1,"gnumus:overripe_carrot":2,"minecraft:polished_blackstone_bricks":10,"minecraft:salmon":4,"minecraft:crafting_table":9,"minecraft:cod":9,"gnumus:gnumus_cheese":2,"farmersdelight:smoked_ham":3,"tombstone:bag_of_seeds":1,"minecraft:ender_eye":2,"minecraft:diamond_pickaxe":173,"minecraft:apple":19,"minecraft:cracked_polished_blackstone_bricks":4,"minecraft:iron_pickaxe":647,"tombstone:magic_scroll":7,"minecraft:cobblestone":1,"minecraft:potion":1,"vanillaplustools:iron_hammer":132,"minecraft:pumpkin_pie":2,"beachparty:rubber_ring_pelican":4,"minecraft:diamond_leggings":2},"minecraft:crafted":{"minecraft:stone":5,"minecraft:cracked_stone_bricks":4,"vanillaplustools:iron_hammer":1,"explorerscompass:explorerscompass":1,"tombstone:grave_key":1,"minecraft:chest":2,"minecraft:ender_eye":2,"minecraft:stone_bricks":4,"minecraft:crafting_table":4,"minecraft:wooden_pickaxe":1,"minecraft:iron_helmet":1,"biomesoplenty:fir_planks":252,"minecraft:iron_chestplate":2,"minecraft:stick":8,"minecraft:iron_pickaxe":12,"minecraft:shears":1,"minecraft:stone_button":1,"minecraft:furnace":2,"minecraft:iron_axe":2,"minecraft:diamond_boots":1,"minecraft:crimson_planks":12,"minecraft:air":0,"minecraft:wooden_axe":2,"minecraft:iron_leggings":1},"minecraft:killed_by":{"minecraft:wither_skeleton":5,"minecraft:piglin_brute":3,"minecraft:creeper":1,"minecraft:pillager":4,"minecraft:vindicator":4,"minecraft:piglin":1,"minecraft:blaze":2,"minecraft:player":8,"epicsamurai:akaname":2,"minecraft:ender_dragon":3,"aquamirae:anglerfish":1,"minecraft:shulker":7,"alexsmobs:centipede_head":1,"alexsmobs:mimicube":1,"minecraft:skeleton":2}},"DataVersion":3465}