{"stats":{"minecraft:broken":{"minecraft:iron_chestplate":2,"minecraft:iron_leggings":1,"minecraft:chainmail_boots":1,"minecraft:diamond_leggings":1,"beachparty:rubber_ring_pelican":1,"minecraft:iron_pickaxe":1,"minecraft:iron_helmet":2,"vanillaplustools:iron_hammer":2,"minecraft:diamond_boots":2,"minecraft:wooden_axe":1},"minecraft:used":{"iceandfire:dragon_skull_ice":3,"minecraft:elytra":52,"minecraft:chest":2,"minecraft:rotten_flesh":3,"minecraft:snowball":5,"minecraft:packed_ice":4,"minecraft:bow":34,"minecraft:sweet_berries":51,"minecraft:furnace":14,"minecraft:oak_sapling":4,"biomesoplenty:flesh":2,"iceandfire:troll_weapon_hammer":2,"minecraft:end_stone_bricks":2,"minecraft:chorus_fruit":22,"minecraft:blackstone":11,"minecraft:wooden_pickaxe":2,"minecraft:composter":1,"iceandfire:dread_stone_bricks":2,"simplyswords:bramblethorn":7,"minecraft:glow_berries":10,"minecraft:sand":1,"minecraft:purple_terracotta":1,"minecraft:crying_obsidian":4,"minecraft:lectern":20,"minecraft:ice":3,"minecraft:iron_bars":1,"minecraft:netherrack":271,"minecraft:torch":11,"minecraft:anvil":1,"wom:netherite_mask":3,"minecraft:iron_axe":241,"minecraft:slime_block":5,"iceandfire:dragon_ice":1,"minecraft:basalt":13,"minecraft:beef":1,"tombstone:gift":4,"minecraft:cobbled_deepslate":166,"naturalist:bass":1,"minecraft:water_bucket":5,"minecraft:fletching_table":1,"minecraft:polished_blackstone_bricks":10,"minecraft:salmon":5,"minecraft:tnt":2,"minecraft:crafting_table":18,"minecraft:cod":9,"gnumus:gnumus_cheese":2,"iceandfire:armor_silver_metal_chestplate":12,"minecraft:ender_eye":2,"minecraft:diamond_pickaxe":314,"minecraft:diamond_shovel":60,"chococraft:gysahl_green_seeds":2,"minecraft:iron_pickaxe":647,"tombstone:magic_scroll":7,"minecraft:cobblestone":76,"minecraft:potion":1,"vanillaplustools:iron_hammer":496,"beachparty:rubber_ring_pelican":6,"minecraft:diamond_leggings":2,"iceandfire:dread_stone_bricks_cracked":4,"simplyswords:thunderbrand":462,"minecraft:shield":29,"minecraft:iron_sword":5,"simplyswords:gold_warglaive":9,"minecraft:iron_chestplate":38,"minecraft:nether_bricks":1,"minecraft:tuff":1,"minecraft:obsidian":9,"born_in_chaos_v1:corpse_maggot":4,"tombstone:tablet_of_cupidity":8,"minecraft:iron_helmet":2,"minecraft:stone_bricks":1,"epicfight:skillbook":11,"minecraft:end_rod":1,"minecraft:diamond_boots":4,"minecraft:oak_planks":1,"biomesoplenty:fir_planks":244,"simplyswords:diamond_halberd":68,"alexscaves:cave_book":1,"minecraft:deepslate_redstone_ore":2,"minecraft:shears":24,"minecraft:end_stone":936,"simplyswords:iron_greathammer":167,"minecraft:firework_rocket":83,"minecraft:cyan_bed":1,"minecraft:bread":146,"minecraft:melon_slice":2,"tombstone:grave_key":47,"minecraft:deepslate":1,"farmersdelight:ham":4,"born_in_chaos_v1:rotten_fish":1,"minecraft:chain":1,"chococraft:gysahl_green":89,"minecraft:coarse_dirt":1,"minecraft:purpur_block":3,"farmersdelight:diamond_knife":184,"minecraft:flint_and_steel":1,"minecraft:ender_chest":11,"minecraft:dirt":2,"minecraft:white_carpet":1,"minecraft:spruce_stairs":2,"brewery:dumplings":31,"minecraft:shulker_box":11,"minecraft:golden_chestplate":1,"minecraft:wooden_axe":58,"wom:netherite_belt":1,"minecraft:polished_blackstone_brick_stairs":3,"aquamirae:spinefish":16,"minecraft:crimson_planks":21,"minecraft:golden_carrot":23,"gnumus:overripe_carrot":2,"iceandfire:dread_knight_sword":20,"farmersdelight:smoked_ham":3,"tombstone:bag_of_seeds":1,"minecraft:apple":20,"minecraft:cracked_polished_blackstone_bricks":4,"minecraft:red_banner":1,"minecraft:bucket":6,"minecraft:pumpkin_pie":2},"minecraft:killed_by":{"born_in_chaos_v1:nightmare_stalker":1,"minecraft:piglin_brute":3,"minecraft:pillager":5,"minecraft:vindicator":4,"minecraft:zombie":1,"minecraft:ender_dragon":3,"minecraft:shulker":7,"alexsmobs:centipede_head":1,"alexsmobs:mimicube":1,"minecraft:wither_skeleton":5,"minecraft:creeper":1,"iceandfire:dread_ghoul":3,"minecraft:piglin":1,"born_in_chaos_v1:diamond_termite":1,"aquamirae:captain_cornelia":4,"iceandfire:ice_dragon":2,"minecraft:blaze":2,"minecraft:player":17,"iceandfire:dread_beast":4,"iceandfire:dread_scuttler":3,"minecraft:enderman":1,"born_in_chaos_v1:zombie_clown":2,"epicsamurai:akaname":2,"aquamirae:anglerfish":1,"iceandfire:dread_knight":2,"minecraft:skeleton":3,"born_in_chaos_v1:missioner":2,"born_in_chaos_v1:door_knight":1,"iceandfire:troll":1},"minecraft:crafted":{"minecraft:chain":4,"minecraft:cracked_stone_bricks":8,"minecraft:shulker_box":1,"minecraft:glass":4,"vanillaplustools:iron_hammer":2,"explorerscompass:explorerscompass":2,"minecraft:glass_bottle":6,"minecraft:emerald":40,"minecraft:fletching_table":1,"minecraft:compass":1,"minecraft:iron_pickaxe":21,"minecraft:iron_nugget":9,"minecraft:diamond_boots":1,"iceandfire:chain":1,"minecraft:enchanted_book":1,"minecraft:wooden_axe":2,"minecraft:iron_leggings":2,"minecraft:stone":5,"tombstone:grave_key":3,"minecraft:chest":2,"minecraft:ender_eye":2,"minecraft:stone_bricks":8,"minecraft:crafting_table":6,"minecraft:wooden_pickaxe":1,"minecraft:iron_helmet":2,"biomesoplenty:fir_planks":988,"minecraft:apple":64,"minecraft:tnt":1,"minecraft:iron_chestplate":3,"minecraft:paper":3,"minecraft:stick":1392,"minecraft:iron_ingot":62,"minecraft:shears":2,"minecraft:coal":18,"minecraft:furnace":12,"minecraft:stone_button":1,"minecraft:iron_axe":2,"minecraft:crimson_planks":12,"minecraft:bread":96,"minecraft:air":0,"minecraft:torch":16,"minecraft:firework_rocket":66},"minecraft:killed":{"minecraft:cave_spider":7,"born_in_chaos_v1:restless_spirit":1,"born_in_chaos_v1:zombie_lumberjack":1,"iceandfire:stymphalian_bird":1,"born_in_chaos_v1:siamese_skeletonsright":1,"minecraft:shulker":17,"minecraft:skeleton":19,"born_in_chaos_v1:skeleton_thrasher":1,"alexsmobs:straddler":1,"iceandfire:dread_scuttler":2,"minecraft:salmon":1,"minecraft:pillager":19,"minecraft:zombie":20,"born_in_chaos_v1:corpse_fly":13,"iceandfire:dread_ghoul":10,"minecraft:cow":8,"minecraft:vindicator":4,"iceandfire:dread_beast":1,"iceandfire:dread_knight":9,"gnumus:gnumus_hunter_not_dispawn":3,"epicsamurai:akaname":1,"born_in_chaos_v1:decrepit_skeleton":2,"born_in_chaos_v1:bloody_gadfly":1,"iceandfire:ghost":4,"iceandfire:ice_dragon":1,"minecraft:enderman":2,"minecraft:zombified_piglin":1,"minecraft:spider":4,"born_in_chaos_v1:scarlet_persecutor":3,"born_in_chaos_v1:firelight_not_despawn":1,"minecraft:piglin":4,"minecraft:pig":10,"alexsmobs:grizzly_bear":1,"born_in_chaos_v1:diamond_termite":4,"minecraft:zombie_villager":2,"alexsmobs:stradpole":1,"minecraft:creeper":5,"alexsmobs:crimson_mosquito":3,"born_in_chaos_v1:dread_hound":5,"minecraft:blaze":2,"born_in_chaos_v1:siamese_skeletonsleft":1,"alexsmobs:mimicube":1,"born_in_chaos_v1:missioner":1,"epicsamurai:onibi":1,"minecraft:slime":3,"born_in_chaos_v1:zombie_bruiser":1,"born_in_chaos_v1:maggot":3,"gnumus:gnumus_worker":1,"iceandfire:dread_thrall":31,"born_in_chaos_v1:corpse_fish":4,"born_in_chaos_v1:swarmer":1,"iceandfire:troll":1,"minecraft:hoglin":1,"aquamirae:anglerfish":1,"minecraft:wither_skeleton":13},"minecraft:custom":{"minecraft:interact_with_crafting_table":71,"minecraft:open_barrel":22,"minecraft:eat_cake_slice":4,"minecraft:leave_game":1,"minecraft:time_since_death":15838,"minecraft:damage_blocked_by_shield":1750,"minecraft:play_time":464878,"minecraft:deaths":95,"minecraft:jump":9429,"minecraft:interact_with_furnace":104,"minecraft:traded_with_villager":64,"minecraft:sleep_in_bed":2,"minecraft:damage_dealt":65440,"tombstone:undead_killed":118,"minecraft:inspect_dispenser":1,"minecraft:interact_with_anvil":1,"minecraft:damage_dealt_absorbed":421,"minecraft:sneak_time":23818,"minecraft:interact_with_blast_furnace":1,"minecraft:total_world_time":464878,"tombstone:raider_killed":23,"minecraft:time_since_rest":13435,"tombstone:cast_on_ally":0,"minecraft:swim_one_cm":337775,"minecraft:fly_one_cm":3615546,"minecraft:open_chest":38,"minecraft:fall_one_cm":324534,"lootr:looted_stat":189,"minecraft:open_shulker_box":14,"minecraft:damage_resisted":4,"minecraft:sprint_one_cm":1811088,"minecraft:drop":382,"minecraft:talked_to_villager":54,"minecraft:walk_on_water_one_cm":191544,"minecraft:open_enderchest":31,"minecraft:player_kills":14,"minecraft:crouch_one_cm":163554,"minecraft:mob_kills":273,"minecraft:damage_dealt_resisted":553,"minecraft:climb_one_cm":8995,"minecraft:walk_one_cm":1855079,"minecraft:walk_under_water_one_cm":101511,"minecraft:damage_taken":44045,"minecraft:damage_absorbed":40,"minecraft:trigger_trapped_chest":2,"minecraft:aviate_one_cm":2365476},"minecraft:picked_up":{"iceandfire:dread_stone_bricks":9,"minecraft:chainmail_boots":2,"minecraft:anvil":2,"minecraft:enchanted_book":1,"minecraft:brewing_stand":1,"minecraft:golden_sword":1,"minecraft:string":24,"minecraft:polished_blackstone_brick_stairs":4,"minecraft:red_nether_bricks":9,"minecraft:cobbled_deepslate":886,"minecraft:crimson_fence":2,"born_in_chaos_v1:charmof_power":1,"minecraft:spruce_planks":14,"minecraft:melon_slice":4,"minecraft:coal_block":2,"born_in_chaos_v1:shattered_skull":1,"explorerscompass:explorerscompass":1,"minecraft:composter":2,"minecraft:green_terracotta":2,"aquamirae:esca":1,"minecraft:golden_chestplate":1,"tombstone:tablet_of_cupidity":1,"minecraft:stone_sword":3,"minecraft:cyan_terracotta":1,"farmersdelight:rope":11,"minecraft:end_rod":1,"minecraft:snowball":7,"minecraft:iron_bars":9,"simplyswords:thunderbrand":1,"minecraft:cooked_beef":2,"biomesoplenty:fir_log":247,"biomesoplenty:fir_sapling":46,"biomesoplenty:dead_log":1,"minecraft:flint":2,"brewery:corn_seeds":3,"wom:emerald_tasset":1,"aquamirae:fin":1,"gnumus:gnumus_pouch_2":4,"minecraft:chipped_anvil":1,"minecraft:rabbit":3,"minecraft:glowstone_dust":9,"epicsamurai:raw_silver":4,"patchouli:guide_book":1,"aquamirae:oxygen_tank":2,"minecraft:lime_terracotta":14,"minecraft:stripped_crimson_stem":3,"minecraft:ink_sac":2,"sophisticatedbackpacks:iron_backpack":1,"minecraft:bundle":1,"minecraft:deepslate":1,"minecraft:bread":64,"minecraft:chainmail_helmet":1,"born_in_chaos_v1:rotten_fish":2,"epicsamurai:ruby":1,"iceandfire:raw_silver":1,"minecraft:coarse_dirt":1,"minecraft:crafting_table":12,"iceandfire:witherbone":6,"minecraft:leather_leggings":1,"born_in_chaos_v1:charmof_resistance":1,"minecraft:purpur_block":2,"aquamirae:sharp_bones":2,"minecraft:elytra":1,"minecraft:flint_and_steel":1,"minecraft:white_carpet":2,"epicsamurai:jade":17,"minecraft:iron_shovel":1,"minecraft:beef":7,"iceandfire:dread_knight_sword":1,"iceandfire:dread_shard":26,"minecraft:iron_nugget":3,"minecraft:spruce_slab":1,"minecraft:chest":1,"minecraft:stone":6,"born_in_chaos_v1:pieceofdarkmetal":3,"minecraft:redstone":33,"minecraft:prismarine_crystals":3,"iceandfire:dragon_skull_ice":3,"minecraft:tnt":1,"simplyswords:diamond_halberd":1,"minecraft:purpur_slab":2,"minecraft:yellow_terracotta":6,"aquamirae:treasure_pouch":1,"gnumus:mouse_skin":16,"minecraft:glow_berries":9,"minecraft:white_wool":6,"minecraft:rail":4,"born_in_chaos_v1:monster_flesh":1,"minecraft:tripwire_hook":6,"gnumus:gnumus_pouch":1,"iceandfire:dragonscales_blue":6,"tombstone:gift":2,"minecraft:white_banner":2,"minecraft:stone_bricks":10,"chococraft:gysahl_green":102,"minecraft:apple":2,"minecraft:kelp":35,"minecraft:cobweb":24,"iceandfire:dread_stone_stairs":2,"tombstone:bag_of_seeds":1,"epicsamurai:aquamarine":4,"minecraft:iron_sword":4,"iceandfire:copper_nugget":2,"minecraft:sweet_berries":85,"born_in_chaos_v1:ethereal_spirit":6,"gnumus:gnumus_cheese":2,"minecraft:spruce_sapling":15,"minecraft:spruce_log":58,"minecraft:dragon_egg":1,"minecraft:slime_ball":2,"minecraft:deepslate_redstone_ore":2,"minecraft:ender_pearl":5,"minecraft:shulker_shell":7,"chococraft:loverly_gysahl_green":2,"minecraft:wheat":14,"minecraft:ender_chest":11,"iceandfire:troll_weapon_hammer":1,"gnumus:gnumus_claw":2,"minecraft:potion":1,"minecraft:crimson_planks":14,"born_in_chaos_v1:black_argillite":1,"minecraft:raw_copper":27,"minecraft:armor_stand":1,"alexsmobs:blood_sac":3,"biomesoplenty:dead_sapling":1,"biomesoplenty:fir_planks":5,"minecraft:ender_eye":3,"minecraft:iron_pickaxe":1,"minecraft:furnace":7,"minecraft:stick":113,"minecraft:oak_fence":7,"minecraft:torch":7,"minecraft:spruce_stairs":7,"iceandfire:dread_sword":1,"epicfight:skillbook":9,"minecraft:porkchop":21,"tombstone:grave_dust":15,"minecraft:rotten_flesh":27,"gnumus:gnumus_chickpeas":5,"minecraft:chorus_flower":3,"minecraft:obsidian":2,"minecraft:blaze_powder":24,"minecraft:cobblestone":1798,"gnumus:gnumus_doubloons":22,"minecraft:andesite":5,"gnumus:overripe_carrot":3,"minecraft:potato":14,"minecraft:tuff":12,"minecraft:lapis_lazuli":120,"minecraft:dirt":5,"born_in_chaos_v1:monster_skin":2,"minecraft:leather_boots":3,"minecraft:glass":2,"minecraft:bone":49,"minecraft:bow":2,"minecraft:wheat_seeds":50,"aquamirae:wisteria_niveis":1,"minecraft:raw_gold":32,"minecraft:oak_planks":6,"minecraft:cooked_porkchop":3,"minecraft:poisonous_potato":1,"minecraft:jungle_planks":6,"minecraft:sand":121,"minecraft:cyan_bed":1,"minecraft:shulker_box":11,"minecraft:spectral_arrow":22,"alexsmobs:mimicream":1,"minecraft:diamond":28,"minecraft:slime_block":14,"gnumus:gnumus_clay":21,"iceandfire:dread_stone_bricks_mossy":1,"iceandfire:dragon_ice":3,"minecraft:cracked_polished_blackstone_bricks":11,"minecraft:crossbow":4,"minecraft:emerald":13,"minecraft:oak_sapling":4,"minecraft:chorus_fruit":26,"minecraft:netherrack":370,"iceandfire:silver_nugget":11,"minecraft:end_stone_bricks":4,"born_in_chaos_v1:diamond_termite_shard":4,"minecraft:chicken":3,"minecraft:ladder":1,"biomesoplenty:flesh":9,"iceandfire:chain":3,"minecraft:wooden_pickaxe":1,"minecraft:gold_block":7,"farmersdelight:diamond_knife":1,"minecraft:blackstone":18,"epicsamurai:akaname_tongue":1,"minecraft:lectern":20,"minecraft:sugar_cane":22,"minecraft:phantom_membrane":6,"minecraft:raw_iron":64,"iceandfire:dragonbone":29,"minecraft:end_stone":979,"minecraft:copper_ingot":2,"minecraft:polished_blackstone_bricks":27,"iammusicplayer:cassette_tape":1,"minecraft:purple_terracotta":3,"minecraft:arrow":38,"minecraft:jungle_stairs":1,"minecraft:nether_bricks":6,"wom:netherite_mask":1,"born_in_chaos_v1:fused_bone":1,"brewery:dumplings":20,"born_in_chaos_v1:corpse_maggot":7,"minecraft:basalt":13,"minecraft:air":0,"minecraft:golden_carrot":14,"minecraft:glow_ink_sac":2,"minecraft:salmon":1,"minecraft:leather":8,"minecraft:ice":4,"minecraft:chainmail_chestplate":3,"iceandfire:dread_stone_bricks_cracked":5,"minecraft:cobbled_deepslate_stairs":2,"minecraft:gunpowder":7,"chococraft:gold_gysahl":1,"minecraft:iron_ingot":33,"epicsamurai:silver_ingot":1,"minecraft:book":3,"simplyswords:bramblethorn":1,"minecraft:quartz":11,"minecraft:dripstone_block":3,"minecraft:amethyst_shard":1,"chococraft:gysahl_green_seeds":11,"minecraft:red_banner":1,"minecraft:blast_furnace":3,"minecraft:spider_eye":4,"tombstone:magic_scroll":3,"minecraft:coal":98},"minecraft:mined":{"minecraft:red_nether_bricks":1,"minecraft:obsidian":2,"epicsamurai:silver_ore":4,"minecraft:coal_block":2,"minecraft:purpur_slab":2,"minecraft:spawner":10,"minecraft:polished_blackstone_bricks":21,"epicsamurai:deepslate_jade_ore":6,"minecraft:cobbled_deepslate":6,"minecraft:fire":7,"minecraft:twisting_vines":1,"iceandfire:dread_stone_bricks_cracked":6,"minecraft:tripwire":1,"minecraft:soul_fire":1,"born_in_chaos_v1:infected_deepslate_diamond_ore":5,"minecraft:torch":6,"minecraft:blast_furnace":3,"minecraft:melon":1,"minecraft:cyan_bed":1,"minecraft:sugar_cane":5,"minecraft:crimson_stairs":1,"minecraft:wheat":18,"biomesoplenty:large_rose_quartz_bud":1,"minecraft:stone_brick_stairs":1,"minecraft:grass":17,"minecraft:stripped_crimson_stem":3,"minecraft:deepslate":874,"minecraft:infested_deepslate":1,"minecraft:yellow_terracotta":4,"iceandfire:silver_ore":3,"minecraft:sea_lantern":1,"minecraft:shulker_box":11,"minecraft:end_stone":1059,"minecraft:nether_bricks":1,"minecraft:jungle_planks":6,"born_in_chaos_v1:black_argillite":1,"minecraft:redstone_ore":4,"minecraft:green_terracotta":2,"minecraft:andesite":3,"biomesoplenty:flesh":9,"minecraft:rail":1,"minecraft:white_wool":3,"minecraft:ender_chest":11,"epicsamurai:jade_ore":11,"biomesoplenty:fir_planks":4,"minecraft:crimson_slab":1,"iceandfire:dread_stone_stairs":3,"minecraft:copper_ore":8,"minecraft:tall_grass":1,"minecraft:deepslate_gold_ore":17,"minecraft:spruce_log":1,"minecraft:white_carpet":2,"minecraft:gravel":2,"minecraft:cobweb":37,"minecraft:stone_bricks":12,"minecraft:gold_ore":6,"minecraft:chipped_anvil":1,"minecraft:fern":8,"minecraft:spruce_planks":9,"minecraft:cobbled_deepslate_stairs":1,"minecraft:brewing_stand":1,"minecraft:grass_block":3,"minecraft:cracked_polished_blackstone_bricks":8,"iceandfire:dread_spawner":3,"minecraft:composter":2,"minecraft:glowstone":2,"minecraft:iron_ore":43,"minecraft:anvil":1,"chococraft:gysahl_green":33,"minecraft:iron_bars":2,"minecraft:end_stone_bricks":4,"minecraft:spruce_slab":1,"minecraft:deepslate_redstone_ore":5,"lootr:lootr_chest":1,"minecraft:cyan_terracotta":1,"minecraft:blackstone":23,"minecraft:clay":7,"minecraft:jungle_stairs":2,"minecraft:nether_quartz_ore":11,"minecraft:cobblestone":62,"minecraft:slime_block":17,"minecraft:oak_planks":7,"minecraft:wall_torch":1,"minecraft:warped_nylium":2,"aquamirae:wisteria_niveis":1,"minecraft:tnt":1,"iceandfire:dread_stone_bricks_mossy":1,"minecraft:lime_terracotta":16,"minecraft:sand":70,"minecraft:dirt":15,"minecraft:crimson_planks":16,"minecraft:netherrack":406,"iceandfire:dread_stone_bricks":11,"minecraft:nether_gold_ore":1,"minecraft:tuff":84,"minecraft:deepslate_diamond_ore":28,"minecraft:ladder":1,"minecraft:purple_terracotta":2,"iceandfire:dragon_ice":1,"minecraft:hay_block":4,"minecraft:dead_brain_coral":1,"gnumus:scion_weed":1,"minecraft:furnace":7,"treechop:chopped_log":14,"minecraft:gold_block":6,"minecraft:bookshelf":1,"minecraft:deepslate_iron_ore":18,"minecraft:packed_ice":6,"minecraft:chorus_plant":4,"minecraft:stone":1871,"minecraft:basalt":31,"minecraft:red_banner":1,"epicsamurai:deepslate_aquamarine_ore":4,"minecraft:crafting_table":13,"minecraft:lectern":20,"minecraft:lapis_ore":10,"minecraft:lily_pad":1,"minecraft:polished_blackstone_brick_stairs":2,"minecraft:spruce_stairs":4,"minecraft:sweet_berry_bush":30,"minecraft:ice":33,"minecraft:coal_ore":84,"minecraft:end_rod":1,"minecraft:mossy_stone_bricks":1,"minecraft:crimson_fence":2},"minecraft:dropped":{"minecraft:iron_sword":4,"minecraft:porkchop":17,"chococraft:loverly_gysahl_green":3,"gnumus:overripe_carrot":1,"minecraft:glass_bottle":1,"minecraft:crossbow":4,"minecraft:glow_berries":3,"born_in_chaos_v1:pieceofdarkmetal":3,"minecraft:rail":10,"born_in_chaos_v1:monster_flesh":1,"minecraft:dirt":3,"minecraft:stone_button":1,"gnumus:gnumus_claw":2,"iceandfire:dread_sword":3,"iceandfire:dread_stone_bricks":6,"beachparty:rubber_ring_pelican":1,"minecraft:chain":3,"minecraft:sand":57,"minecraft:iron_pickaxe":2,"minecraft:bone":24,"minecraft:sugar_cane":2,"minecraft:iron_nugget":19,"minecraft:golden_chestplate":6,"alexsmobs:animal_dictionary":1,"minecraft:cobbled_deepslate":505,"minecraft:wheat":14,"tombstone:gift":3,"minecraft:rotten_flesh":21,"minecraft:oak_planks":1,"minecraft:end_stone":125,"iammusicplayer:boombox":1,"iceandfire:dread_stone_bricks_mossy":1,"minecraft:jungle_stairs":1,"minecraft:leather_boots":6,"minecraft:ladder":1,"farmersdelight:rope":11,"iceandfire:troll_leather_frost":1,"minecraft:spruce_slab":1,"epicsamurai:akaname_tongue":1,"minecraft:red_nether_bricks":9,"minecraft:end_stone_bricks":2,"minecraft:beef":2,"iceandfire:ice_dragon_blood":1,"iammusicplayer:cassette_tape":3,"aquamirae:sharp_bones":15,"iceandfire:manuscript":1,"minecraft:crimson_planks":6,"minecraft:enchanted_book":1,"minecraft:iron_ingot":1,"born_in_chaos_v1:shattered_skull":1,"minecraft:wheat_seeds":50,"minecraft:cobbled_deepslate_stairs":2,"brewery:barley_seeds":3,"minecraft:dripstone_block":3,"minecraft:prismarine_crystals":3,"minecraft:purpur_slab":2,"minecraft:iron_helmet":1,"minecraft:yellow_terracotta":3,"minecraft:cobblestone":1264,"iceandfire:dread_stone_stairs":3,"chococraft:gysahl_green_seeds":10,"brewery:corn_seeds":6,"minecraft:chainmail_helmet":1,"minecraft:coal":29,"born_in_chaos_v1:black_argillite":1,"iceandfire:copper_nugget":2,"minecraft:rabbit":3,"minecraft:potion":2,"minecraft:iron_shovel":1,"minecraft:string":12,"minecraft:spruce_sapling":16,"iceandfire:silver_nugget":11,"minecraft:green_terracotta":2,"minecraft:player_head":1,"minecraft:stone_sword":3,"born_in_chaos_v1:rotten_fish":1,"alexsmobs:mimicream":1,"minecraft:chicken":3,"minecraft:white_carpet":1,"iammusicplayer:radio_antenna":2,"minecraft:nether_bricks":5,"iceandfire:dragon_ice":2,"minecraft:stone":2,"minecraft:spruce_planks":12,"iceandfire:silver_ingot":1,"gnumus:gnumus_chickpeas":5,"minecraft:stone_bricks":9,"minecraft:spider_eye":1,"minecraft:bow":1,"wom:emerald_tasset":1,"farmersdelight:diamond_knife":1,"minecraft:lime_terracotta":14,"minecraft:leather":3,"minecraft:iron_horse_armor":1,"gnumus:mouse_skin":16,"biomesoplenty:fir_sapling":46,"minecraft:cracked_polished_blackstone_bricks":5,"tombstone:bag_of_seeds":1,"minecraft:packed_ice":6,"minecraft:ice":1,"born_in_chaos_v1:monster_skin":2,"minecraft:snowball":2,"minecraft:pumpkin_pie":3,"minecraft:amethyst_shard":2,"iceandfire:ash":1,"minecraft:polished_blackstone_bricks":7,"minecraft:purpur_block":9,"minecraft:blackstone":4,"wom:netherite_mask":1,"born_in_chaos_v1:ethereal_spirit":1,"aether:leather_gloves":2,"patchouli:guide_book":1,"minecraft:chainmail_chestplate":3,"gnumus:gnumus_doubloons":16,"iceandfire:chain":1,"born_in_chaos_v1:corpse_maggot":3,"minecraft:chainmail_boots":1,"minecraft:spruce_wood":3,"minecraft:iron_bars":9,"minecraft:arrow":12,"biomesoplenty:flesh":7,"minecraft:netherrack":63,"biomesoplenty:dead_log":3,"minecraft:purple_terracotta":2,"minecraft:chorus_flower":3,"chococraft:gold_gysahl":1,"minecraft:poisonous_potato":1,"aquamirae:wisteria_niveis":1,"minecraft:spectral_arrow":33,"minecraft:copper_ingot":2,"minecraft:spruce_stairs":4,"minecraft:stick":2,"minecraft:melon_slice":2,"born_in_chaos_v1:fused_bone":1,"tombstone:grave_dust":16,"minecraft:iron_leggings":2,"minecraft:crimson_fence":56,"minecraft:iron_axe":1,"minecraft:tripwire_hook":3,"iceandfire:dragonbone":2,"simplyswords:thunderbrand":1,"minecraft:anvil":1,"minecraft:sweet_berries":3,"minecraft:kelp":32,"minecraft:nether_wart":3,"epicsamurai:silver_ingot":1,"minecraft:tuff":2,"minecraft:ender_eye":1,"minecraft:flint_and_steel":3,"minecraft:filled_map":1,"biomesoplenty:dead_sapling":1,"minecraft:shield":1,"biomesoplenty:fir_planks":1,"gnumus:gnumus_clay":21,"aether:iron_gloves":1,"minecraft:iron_chestplate":1,"minecraft:andesite":4,"minecraft:oak_sapling":1,"minecraft:golden_sword":1,"minecraft:slime_ball":2,"minecraft:spruce_log":2,"minecraft:wooden_pickaxe":2,"minecraft:raw_gold":12,"minecraft:magma_cream":15,"chococraft:gysahl_green":16}},"DataVersion":3465}