{
  "simplyswords:grant_book_on_first_join": {
    "criteria": {
      "tick": "2024-05-19 23:59:56 +0000"
    },
    "done": true
  },
  "stellarity:cursed_tome/root": {
    "criteria": {
      "requirement": "2024-05-19 23:59:56 +0000"
    },
    "done": true
  },
  "minecraft:recipes/decorations/crafting_table": {
    "criteria": {
      "unlock_right_away": "2024-05-19 23:59:56 +0000"
    },
    "done": true
  },
  "naturalist:recipes/food/cooked_egg": {
    "criteria": {
      "has_eggs": "2024-05-19 23:59:56 +0000"
    },
    "done": true
  },
  "beautify:progression/root": {
    "criteria": {
      "Install": "2024-05-19 23:59:56 +0000"
    },
    "done": true
  },
  "incendium:technical/new_player": {
    "criteria": {
      "requirement": "2024-05-19 23:59:56 +0000"
    },
    "done": true
  },
  "iceandfire:iceandfire/root": {
    "criteria": {
      "tick": "2024-05-19 23:59:56 +0000"
    },
    "done": true
  },
  "stellarity:dragons_den/cursed_tome/root": {
    "criteria": {
      "requirement": "2024-05-19 23:59:56 +0000"
    },
    "done": true
  },
  "dungeons_arise:wda_root": {
    "criteria": {
      "WDA": "2024-05-19 23:59:56 +0000"
    },
    "done": true
  },
  "lootr:root": {
    "criteria": {
      "always_true": "2024-05-19 23:59:56 +0000"
    },
    "done": true
  },
  "cataclysm:root": {
    "criteria": {
      "custom_test_name": "2024-05-19 23:59:56 +0000"
    },
    "done": true
  },
  "farmersdelight:main/root": {
    "criteria": {
      "seeds": "2024-05-19 23:59:56 +0000"
    },
    "done": true
  },
  "brewery:main/root": {
    "criteria": {
      "seeds": "2024-05-19 23:59:56 +0000"
    },
    "done": true
  },
  "biomesoplenty:biomesoplenty/root": {
    "criteria": {
      "snowy_coniferous_forest": "2024-05-19 23:59:57 +0000"
    },
    "done": true
  },
  "incendium:technical/using/shield": {
    "criteria": {
      "log_spam_fixer": "2024-05-19 23:59:57 +0000"
    },
    "done": false
  },
  "tombstone:adventure/root": {
    "criteria": {
      "auto": "2024-05-19 23:59:57 +0000"
    },
    "done": true
  },
  "biomesoplenty:biomesoplenty/all_biomes": {
    "criteria": {
      "erupting_inferno": "2024-05-20 01:07:35 +0000",
      "maple_woods": "2024-05-20 00:57:50 +0000",
      "crystalline_chasm": "2024-05-20 01:20:16 +0000",
      "withered_abyss": "2024-05-20 01:29:13 +0000",
      "visceral_heap": "2024-05-20 01:07:51 +0000",
      "snowy_coniferous_forest": "2024-05-19 23:59:57 +0000",
      "snowy_fir_clearing": "2024-05-20 00:03:47 +0000",
      "snowy_maple_woods": "2024-05-20 00:54:07 +0000"
    },
    "done": false
  },
  "incendium:technical/scroll_of_returning": {
    "criteria": {
      "log_spam_fixer": "2024-05-19 23:59:57 +0000"
    },
    "done": false
  },
  "incendium:technical/using/ragnarok": {
    "criteria": {
      "log_spam_fixer": "2024-05-19 23:59:57 +0000"
    },
    "done": false
  },
  "incendium:technical/using/trailblazer": {
    "criteria": {
      "log_spam_fixer": "2024-05-19 23:59:57 +0000"
    },
    "done": false
  },
  "minecraft:adventure/adventuring_time": {
    "criteria": {
      "minecraft:old_growth_pine_taiga": "2024-05-20 00:57:43 +0000",
      "minecraft:taiga": "2024-05-20 00:55:08 +0000",
      "minecraft:frozen_river": "2024-05-20 00:03:42 +0000",
      "minecraft:beach": "2024-05-20 00:57:46 +0000",
      "minecraft:river": "2024-05-20 00:55:44 +0000",
      "minecraft:lush_caves": "2024-05-20 00:59:02 +0000",
      "minecraft:frozen_ocean": "2024-05-20 00:01:24 +0000",
      "minecraft:deep_frozen_ocean": "2024-05-20 00:08:59 +0000",
      "minecraft:old_growth_spruce_taiga": "2024-05-20 00:56:05 +0000",
      "minecraft:snowy_beach": "2024-05-20 00:01:11 +0000"
    },
    "done": false
  },
  "handcrafted:recipes/misc/berry_jam_jar": {
    "criteria": {
      "has_berry_jam_jar": "2024-05-20 00:02:31 +0000"
    },
    "done": true
  },
  "farmersdelight:recipes/food/sweet_berry_cookie": {
    "criteria": {
      "has_sweet_berries": "2024-05-20 00:02:31 +0000"
    },
    "done": true
  },
  "farmersdelight:main/plant_all_crops": {
    "criteria": {
      "sweet_berries": "2024-05-20 00:02:32 +0000"
    },
    "done": false
  },
  "minecraft:husbandry/root": {
    "criteria": {
      "consumed_item": "2024-05-20 00:02:44 +0000"
    },
    "done": true
  },
  "minecraft:husbandry/balanced_diet": {
    "criteria": {
      "sweet_berries": "2024-05-20 00:02:44 +0000",
      "apple": "2024-05-20 01:07:00 +0000",
      "potato": "2024-05-20 01:16:59 +0000",
      "bread": "2024-05-20 00:07:23 +0000",
      "golden_carrot": "2024-05-20 01:58:12 +0000"
    },
    "done": false
  },
  "naturescompass:natures_compass": {
    "criteria": {
      "has_recipe": "2024-05-20 00:03:09 +0000"
    },
    "done": true
  },
  "minecraft:recipes/misc/charcoal": {
    "criteria": {
      "has_log": "2024-05-20 00:03:09 +0000"
    },
    "done": true
  },
  "naturescompass:natures_compass_log": {
    "criteria": {
      "has_log": "2024-05-20 00:03:09 +0000"
    },
    "done": true
  },
  "naturescompass:natures_compass_sapling": {
    "criteria": {
      "has_recipe": "2024-05-20 00:03:09 +0000"
    },
    "done": true
  },
  "biomesoplenty:recipes/building_blocks/fir_wood": {
    "criteria": {
      "has_log": "2024-05-20 00:03:09 +0000"
    },
    "done": true
  },
  "biomesoplenty:recipes/building_blocks/fir_planks": {
    "criteria": {
      "has_logs": "2024-05-20 00:03:09 +0000"
    },
    "done": true
  },
  "securitycraft:recipes/misc/sc_manual": {
    "criteria": {
      "has_wood": "2024-05-20 00:03:09 +0000"
    },
    "done": true
  },
  "minecraft:recipes/misc/stick": {
    "criteria": {
      "has_planks": "2024-05-20 00:03:13 +0000"
    },
    "done": true
  },
  "biomesoplenty:recipes/decorations/fir_fence": {
    "criteria": {
      "has_planks": "2024-05-20 00:03:13 +0000"
    },
    "done": true
  },
  "handcrafted:recipes/misc/salmon_trophy": {
    "criteria": {
      "has_salmon_trophy": "2024-05-20 00:03:13 +0000"
    },
    "done": true
  },
  "biomesoplenty:recipes/redstone/fir_button": {
    "criteria": {
      "has_planks": "2024-05-20 00:03:13 +0000"
    },
    "done": true
  },
  "handcrafted:recipes/misc/silverfish_trophy": {
    "criteria": {
      "has_silverfish_trophy": "2024-05-20 00:03:13 +0000"
    },
    "done": true
  },
  "biomesoplenty:recipes/redstone/fir_door": {
    "criteria": {
      "has_planks": "2024-05-20 00:03:13 +0000"
    },
    "done": true
  },
  "biomesoplenty:recipes/building_blocks/fir_stairs": {
    "criteria": {
      "has_planks": "2024-05-20 00:03:13 +0000"
    },
    "done": true
  },
  "handcrafted:recipes/misc/bear_trophy": {
    "criteria": {
      "has_bear_trophy": "2024-05-20 00:03:13 +0000"
    },
    "done": true
  },
  "handcrafted:recipes/misc/goat_trophy": {
    "criteria": {
      "has_goat_trophy": "2024-05-20 00:03:13 +0000"
    },
    "done": true
  },
  "minecraft:recipes/decorations/barrel": {
    "criteria": {
      "has_planks": "2024-05-20 00:03:13 +0000"
    },
    "done": true
  },
  "handcrafted:recipes/misc/blaze_trophy": {
    "criteria": {
      "has_blaze_trophy": "2024-05-20 00:03:13 +0000"
    },
    "done": true
  },
  "handcrafted:recipes/misc/wolf_trophy": {
    "criteria": {
      "has_wolf_trophy": "2024-05-20 00:03:13 +0000"
    },
    "done": true
  },
  "biomesoplenty:recipes/building_blocks/fir_slab": {
    "criteria": {
      "has_planks": "2024-05-20 00:03:13 +0000"
    },
    "done": true
  },
  "biomesoplenty:recipes/redstone/fir_fence_gate": {
    "criteria": {
      "has_planks": "2024-05-20 00:03:13 +0000"
    },
    "done": true
  },
  "iceandfire:recipes/misc/earplugs": {
    "criteria": {
      "has_item": "2024-05-20 00:03:13 +0000"
    },
    "done": true
  },
  "handcrafted:recipes/misc/fox_trophy": {
    "criteria": {
      "has_fox_trophy": "2024-05-20 00:03:13 +0000"
    },
    "done": true
  },
  "biomesoplenty:recipes/decorations/fir_sign": {
    "criteria": {
      "has_fir_planks": "2024-05-20 00:03:13 +0000"
    },
    "done": true
  },
  "handcrafted:recipes/misc/tropical_fish_trophy": {
    "criteria": {
      "has_tropical_fish_trophy": "2024-05-20 00:03:13 +0000"
    },
    "done": true
  },
  "handcrafted:recipes/misc/spider_trophy": {
    "criteria": {
      "has_spider_trophy": "2024-05-20 00:03:13 +0000"
    },
    "done": true
  },
  "handcrafted:recipes/misc/pufferfish_trophy": {
    "criteria": {
      "has_pufferfish_trophy": "2024-05-20 00:03:13 +0000"
    },
    "done": true
  },
  "biomesoplenty:recipes/redstone/fir_trapdoor": {
    "criteria": {
      "has_planks": "2024-05-20 00:03:13 +0000"
    },
    "done": true
  },
  "biomesoplenty:recipes/redstone/fir_pressure_plate": {
    "criteria": {
      "has_planks": "2024-05-20 00:03:13 +0000"
    },
    "done": true
  },
  "handcrafted:recipes/misc/skeleton_horse_trophy": {
    "criteria": {
      "has_skeleton_horse_trophy": "2024-05-20 00:03:13 +0000"
    },
    "done": true
  },
  "handcrafted:recipes/misc/wither_skeleton_trophy": {
    "criteria": {
      "has_wither_skeleton_trophy": "2024-05-20 00:03:13 +0000"
    },
    "done": true
  },
  "aquamirae:adventure/root": {
    "criteria": {
      "crafting_table": "2024-05-20 00:03:15 +0000"
    },
    "done": true
  },
  "minecraft:story/root": {
    "criteria": {
      "crafting_table": "2024-05-20 00:03:15 +0000"
    },
    "done": true
  },
  "mcwbridges:recipes/spruce_bridge_pier": {
    "criteria": {
      "has_planks": "2024-05-20 00:04:47 +0000"
    },
    "done": true
  },
  "mcwfurnitures:recipes/spruce": {
    "criteria": {
      "has_wood": "2024-05-20 00:04:47 +0000"
    },
    "done": true
  },
  "mcwwindows:recipes/spruce": {
    "criteria": {
      "has_wood": "2024-05-20 00:04:47 +0000"
    },
    "done": true
  },
  "minecraft:recipes/building_blocks/spruce_wood": {
    "criteria": {
      "has_log": "2024-05-20 00:04:47 +0000"
    },
    "done": true
  },
  "minecraft:recipes/building_blocks/spruce_planks": {
    "criteria": {
      "has_logs": "2024-05-20 00:04:47 +0000"
    },
    "done": true
  },
  "handcrafted:recipes/misc/spruce_counter": {
    "criteria": {
      "has_spruce_counter": "2024-05-20 00:04:49 +0000"
    },
    "done": true
  },
  "mcwbridges:recipes/spruce_rail_bridge": {
    "criteria": {
      "has_planks": "2024-05-20 00:04:49 +0000"
    },
    "done": true
  },
  "mcwbridges:recipes/rope_spruce_bridge": {
    "criteria": {
      "has_planks": "2024-05-20 00:04:49 +0000"
    },
    "done": true
  },
  "handcrafted:recipes/misc/spruce_table": {
    "criteria": {
      "has_spruce_table": "2024-05-20 00:04:49 +0000"
    },
    "done": true
  },
  "handcrafted:recipes/misc/spruce_shelf": {
    "criteria": {
      "has_spruce_shelf": "2024-05-20 00:04:49 +0000"
    },
    "done": true
  },
  "handcrafted:recipes/misc/spruce_dining_bench": {
    "criteria": {
      "has_spruce_dining_bench": "2024-05-20 00:04:49 +0000"
    },
    "done": true
  },
  "minecraft:recipes/decorations/spruce_fence": {
    "criteria": {
      "has_planks": "2024-05-20 00:04:49 +0000"
    },
    "done": true
  },
  "minecraft:recipes/redstone/spruce_button": {
    "criteria": {
      "has_planks": "2024-05-20 00:04:49 +0000"
    },
    "done": true
  },
  "minecraft:recipes/redstone/spruce_pressure_plate": {
    "criteria": {
      "has_planks": "2024-05-20 00:04:49 +0000"
    },
    "done": true
  },
  "handcrafted:recipes/misc/spruce_pillar_trim": {
    "criteria": {
      "has_spruce_pillar_trim": "2024-05-20 00:04:49 +0000"
    },
    "done": true
  },
  "handcrafted:recipes/misc/spruce_corner_trim": {
    "criteria": {
      "has_spruce_corner_trim": "2024-05-20 00:04:49 +0000"
    },
    "done": true
  },
  "handcrafted:recipes/misc/spruce_desk": {
    "criteria": {
      "has_spruce_desk": "2024-05-20 00:04:49 +0000"
    },
    "done": true
  },
  "minecraft:recipes/decorations/spruce_sign": {
    "criteria": {
      "has_planks": "2024-05-20 00:04:49 +0000"
    },
    "done": true
  },
  "handcrafted:recipes/misc/spruce_couch": {
    "criteria": {
      "has_spruce_couch": "2024-05-20 00:04:49 +0000"
    },
    "done": true
  },
  "minecraft:recipes/building_blocks/spruce_slab": {
    "criteria": {
      "has_planks": "2024-05-20 00:04:49 +0000"
    },
    "done": true
  },
  "handcrafted:recipes/misc/spruce_nightstand": {
    "criteria": {
      "has_spruce_nightstand": "2024-05-20 00:04:49 +0000"
    },
    "done": true
  },
  "handcrafted:recipes/misc/spruce_bench": {
    "criteria": {
      "has_spruce_bench": "2024-05-20 00:04:49 +0000"
    },
    "done": true
  },
  "mcwbridges:recipes/spruce_log_bridge_middle": {
    "criteria": {
      "has_planks": "2024-05-20 00:04:49 +0000"
    },
    "done": true
  },
  "handcrafted:recipes/misc/spruce_drawer": {
    "criteria": {
      "has_spruce_drawer": "2024-05-20 00:04:49 +0000"
    },
    "done": true
  },
  "minecraft:recipes/redstone/spruce_trapdoor": {
    "criteria": {
      "has_planks": "2024-05-20 00:04:49 +0000"
    },
    "done": true
  },
  "minecraft:recipes/redstone/spruce_door": {
    "criteria": {
      "has_planks": "2024-05-20 00:04:49 +0000"
    },
    "done": true
  },
  "minecraft:recipes/redstone/spruce_fence_gate": {
    "criteria": {
      "has_planks": "2024-05-20 00:04:49 +0000"
    },
    "done": true
  },
  "handcrafted:recipes/misc/spruce_fancy_bed": {
    "criteria": {
      "has_spruce_fancy_bed": "2024-05-20 00:04:49 +0000"
    },
    "done": true
  },
  "handcrafted:recipes/misc/spruce_chair": {
    "criteria": {
      "has_spruce_chair": "2024-05-20 00:04:49 +0000"
    },
    "done": true
  },
  "handcrafted:recipes/misc/spruce_cupboard": {
    "criteria": {
      "has_spruce_cupboard": "2024-05-20 00:04:49 +0000"
    },
    "done": true
  },
  "minecraft:recipes/building_blocks/spruce_stairs": {
    "criteria": {
      "has_planks": "2024-05-20 00:04:49 +0000"
    },
    "done": true
  },
  "handcrafted:recipes/misc/spruce_side_table": {
    "criteria": {
      "has_spruce_side_table": "2024-05-20 00:04:49 +0000"
    },
    "done": true
  },
  "minecraft:recipes/decorations/ladder": {
    "criteria": {
      "has_stick": "2024-05-20 00:04:51 +0000"
    },
    "done": true
  },
  "securitycraft:recipes/misc/motion_activated_light": {
    "criteria": {
      "has_stick": "2024-05-20 00:04:51 +0000"
    },
    "done": true
  },
  "minecraft:recipes/tools/wooden_axe": {
    "criteria": {
      "has_stick": "2024-05-20 00:04:51 +0000"
    },
    "done": true
  },
  "portablemobs:recipes/misc/basic_capture_cell": {
    "criteria": {
      "recipe_condition": "2024-05-20 00:04:51 +0000"
    },
    "done": true
  },
  "minecraft:recipes/decorations/campfire": {
    "criteria": {
      "has_stick": "2024-05-20 00:04:51 +0000"
    },
    "done": true
  },
  "minecraft:recipes/tools/wooden_hoe": {
    "criteria": {
      "has_stick": "2024-05-20 00:04:51 +0000"
    },
    "done": true
  },
  "securitycraft:recipes/misc/sonic_security_system": {
    "criteria": {
      "has_stick": "2024-05-20 00:04:51 +0000"
    },
    "done": true
  },
  "minecraft:recipes/tools/wooden_shovel": {
    "criteria": {
      "has_stick": "2024-05-20 00:04:51 +0000"
    },
    "done": true
  },
  "minecraft:recipes/combat/wooden_sword": {
    "criteria": {
      "has_stick": "2024-05-20 00:04:51 +0000"
    },
    "done": true
  },
  "farmersdelight:recipes/combat/flint_knife": {
    "criteria": {
      "has_stick": "2024-05-20 00:04:51 +0000"
    },
    "done": true
  },
  "beautify:blinds": {
    "criteria": {
      "requirement": "2024-05-20 00:04:51 +0000"
    },
    "done": true
  },
  "minecraft:recipes/tools/wooden_pickaxe": {
    "criteria": {
      "has_stick": "2024-05-20 00:04:51 +0000"
    },
    "done": true
  },
  "farmersdelight:recipes/decorations/cutting_board": {
    "criteria": {
      "has_stick": "2024-05-20 00:04:51 +0000"
    },
    "done": true
  },
  "beautify:trellis": {
    "criteria": {
      "requirement": "2024-05-20 00:04:51 +0000"
    },
    "done": true
  },
  "aether:recipes/tools/wooden_axe_repairing": {
    "criteria": {
      "has_wooden_axe": "2024-05-20 00:05:22 +0000"
    },
    "done": true
  },
  "minecraft:recipes/decorations/chest": {
    "criteria": {
      "has_lots_of_items": "2024-05-20 00:05:42 +0000"
    },
    "done": true
  },
  "aether:recipes/decorations/skyroot_chest": {
    "criteria": {
      "has_lots_of_items": "2024-05-20 00:05:42 +0000"
    },
    "done": true
  },
  "biomesoplenty:recipes/transportation/willow_boat": {
    "criteria": {
      "in_water": "2024-05-20 00:06:21 +0000"
    },
    "done": true
  },
  "aether:recipes/transportation/skyroot_boat": {
    "criteria": {
      "in_water": "2024-05-20 00:06:21 +0000"
    },
    "done": true
  },
  "minecraft:recipes/transportation/cherry_boat": {
    "criteria": {
      "in_water": "2024-05-20 00:06:21 +0000"
    },
    "done": true
  },
  "biomesoplenty:recipes/transportation/umbran_boat": {
    "criteria": {
      "in_water": "2024-05-20 00:06:21 +0000"
    },
    "done": true
  },
  "minecraft:recipes/transportation/bamboo_raft": {
    "criteria": {
      "in_water": "2024-05-20 00:06:21 +0000"
    },
    "done": true
  },
  "biomesoplenty:recipes/transportation/dead_boat": {
    "criteria": {
      "in_water": "2024-05-20 00:06:21 +0000"
    },
    "done": true
  },
  "biomesoplenty:recipes/transportation/magic_boat": {
    "criteria": {
      "in_water": "2024-05-20 00:06:21 +0000"
    },
    "done": true
  },
  "minecraft:recipes/transportation/acacia_boat": {
    "criteria": {
      "in_water": "2024-05-20 00:06:21 +0000"
    },
    "done": true
  },
  "minecraft:recipes/transportation/jungle_boat": {
    "criteria": {
      "in_water": "2024-05-20 00:06:21 +0000"
    },
    "done": true
  },
  "twilightforest:recipes/transportation/twilight_oak_boat": {
    "criteria": {
      "in_water": "2024-05-20 00:06:21 +0000"
    },
    "done": true
  },
  "twilightforest:recipes/transportation/time_boat": {
    "criteria": {
      "in_water": "2024-05-20 00:06:21 +0000"
    },
    "done": true
  },
  "twilightforest:recipes/transportation/mining_boat": {
    "criteria": {
      "in_water": "2024-05-20 00:06:21 +0000"
    },
    "done": true
  },
  "twilightforest:recipes/transportation/mangrove_boat": {
    "criteria": {
      "in_water": "2024-05-20 00:06:21 +0000"
    },
    "done": true
  },
  "biomesoplenty:recipes/transportation/fir_boat": {
    "criteria": {
      "in_water": "2024-05-20 00:06:21 +0000"
    },
    "done": true
  },
  "twilightforest:recipes/transportation/transformation_boat": {
    "criteria": {
      "in_water": "2024-05-20 00:06:21 +0000"
    },
    "done": true
  },
  "minecraft:recipes/transportation/spruce_boat": {
    "criteria": {
      "in_water": "2024-05-20 00:06:21 +0000"
    },
    "done": true
  },
  "minecraft:recipes/transportation/birch_boat": {
    "criteria": {
      "in_water": "2024-05-20 00:06:21 +0000"
    },
    "done": true
  },
  "minecraft:recipes/transportation/oak_boat": {
    "criteria": {
      "in_water": "2024-05-20 00:06:21 +0000"
    },
    "done": true
  },
  "biomesoplenty:recipes/transportation/redwood_boat": {
    "criteria": {
      "in_water": "2024-05-20 00:06:21 +0000"
    },
    "done": true
  },
  "minecraft:recipes/transportation/mangrove_boat": {
    "criteria": {
      "in_water": "2024-05-20 00:06:21 +0000"
    },
    "done": true
  },
  "biomesoplenty:recipes/transportation/hellbark_boat": {
    "criteria": {
      "in_water": "2024-05-20 00:06:21 +0000"
    },
    "done": true
  },
  "biomesoplenty:recipes/transportation/jacaranda_boat": {
    "criteria": {
      "in_water": "2024-05-20 00:06:21 +0000"
    },
    "done": true
  },
  "twilightforest:recipes/transportation/canopy_boat": {
    "criteria": {
      "in_water": "2024-05-20 00:06:21 +0000"
    },
    "done": true
  },
  "biomesoplenty:recipes/transportation/mahogany_boat": {
    "criteria": {
      "in_water": "2024-05-20 00:06:21 +0000"
    },
    "done": true
  },
  "twilightforest:recipes/transportation/dark_boat": {
    "criteria": {
      "in_water": "2024-05-20 00:06:21 +0000"
    },
    "done": true
  },
  "biomesoplenty:recipes/transportation/palm_boat": {
    "criteria": {
      "in_water": "2024-05-20 00:06:21 +0000"
    },
    "done": true
  },
  "twilightforest:recipes/transportation/sorting_boat": {
    "criteria": {
      "in_water": "2024-05-20 00:06:21 +0000"
    },
    "done": true
  },
  "minecraft:recipes/transportation/dark_oak_boat": {
    "criteria": {
      "in_water": "2024-05-20 00:06:21 +0000"
    },
    "done": true
  },
  "mcwwindows:recipes/diorite": {
    "criteria": {
      "has_the_recipe": "2024-05-20 00:06:24 +0000"
    },
    "done": true
  },
  "mcwwindows:recipes/warped": {
    "criteria": {
      "has_the_recipe": "2024-05-20 00:06:24 +0000"
    },
    "done": true
  },
  "mcwwindows:recipes/dark_oak": {
    "criteria": {
      "has_the_recipe": "2024-05-20 00:06:24 +0000"
    },
    "done": true
  },
  "mcwwindows:recipes/dark_prismarine": {
    "criteria": {
      "has_the_recipe": "2024-05-20 00:06:24 +0000"
    },
    "done": true
  },
  "mcwwindows:recipes/components": {
    "criteria": {
      "has_wood": "2024-05-20 00:06:24 +0000"
    },
    "done": true
  },
  "mcwwindows:recipes/birch": {
    "criteria": {
      "has_the_recipe": "2024-05-20 00:06:24 +0000"
    },
    "done": true
  },
  "mcwwindows:recipes/cherry": {
    "criteria": {
      "has_the_recipe": "2024-05-20 00:06:24 +0000"
    },
    "done": true
  },
  "minecraft:recipes/building_blocks/oak_planks": {
    "criteria": {
      "has_logs": "2024-05-20 00:06:24 +0000"
    },
    "done": true
  },
  "mcwfurnitures:recipes/oak": {
    "criteria": {
      "has_wood": "2024-05-20 00:06:24 +0000"
    },
    "done": true
  },
  "mcwwindows:recipes/stone": {
    "criteria": {
      "has_the_recipe": "2024-05-20 00:06:24 +0000"
    },
    "done": true
  },
  "mcwwindows:recipes/crimson": {
    "criteria": {
      "has_the_recipe": "2024-05-20 00:06:24 +0000"
    },
    "done": true
  },
  "minecraft:recipes/building_blocks/oak_wood": {
    "criteria": {
      "has_log": "2024-05-20 00:06:24 +0000"
    },
    "done": true
  },
  "mcwwindows:recipes/jungle": {
    "criteria": {
      "has_the_recipe": "2024-05-20 00:06:24 +0000"
    },
    "done": true
  },
  "mcwwindows:recipes/oak": {
    "criteria": {
      "has_wood": "2024-05-20 00:06:24 +0000"
    },
    "done": true
  },
  "mcwwindows:recipes/blackstone": {
    "criteria": {
      "has_the_recipe": "2024-05-20 00:06:24 +0000"
    },
    "done": true
  },
  "mcwwindows:recipes/granite": {
    "criteria": {
      "has_the_recipe": "2024-05-20 00:06:24 +0000"
    },
    "done": true
  },
  "mcwwindows:recipes/andesite": {
    "criteria": {
      "has_the_recipe": "2024-05-20 00:06:24 +0000"
    },
    "done": true
  },
  "mcwbridges:recipes/oak_bridge_pier": {
    "criteria": {
      "has_planks": "2024-05-20 00:06:24 +0000"
    },
    "done": true
  },
  "mcwwindows:recipes/mangrove": {
    "criteria": {
      "has_the_recipe": "2024-05-20 00:06:24 +0000"
    },
    "done": true
  },
  "mcwwindows:recipes/acacia": {
    "criteria": {
      "has_the_recipe": "2024-05-20 00:06:24 +0000"
    },
    "done": true
  },
  "mcwwindows:recipes/prismarine": {
    "criteria": {
      "has_the_recipe": "2024-05-20 00:06:24 +0000"
    },
    "done": true
  },
  "aether:recipes/tools/wooden_pickaxe_repairing": {
    "criteria": {
      "has_wooden_pickaxe": "2024-05-20 00:06:42 +0000"
    },
    "done": true
  },
  "minecraft:story/mine_stone": {
    "criteria": {
      "get_stone": "2024-05-20 00:06:45 +0000"
    },
    "done": true
  },
  "minecraft:recipes/decorations/furnace": {
    "criteria": {
      "has_cobblestone": "2024-05-20 00:06:45 +0000"
    },
    "done": true
  },
  "minecraft:recipes/building_blocks/cobblestone_slab_from_cobblestone_stonecutting": {
    "criteria": {
      "has_cobblestone": "2024-05-20 00:06:45 +0000"
    },
    "done": true
  },
  "minecraft:recipes/building_blocks/stone": {
    "criteria": {
      "has_cobblestone": "2024-05-20 00:06:45 +0000"
    },
    "done": true
  },
  "minecraft:recipes/tools/stone_pickaxe": {
    "criteria": {
      "has_cobblestone": "2024-05-20 00:06:45 +0000"
    },
    "done": true
  },
  "minecraft:recipes/building_blocks/cobblestone_slab": {
    "criteria": {
      "has_cobblestone": "2024-05-20 00:06:45 +0000"
    },
    "done": true
  },
  "minecraft:recipes/decorations/cobblestone_wall_from_cobblestone_stonecutting": {
    "criteria": {
      "has_cobblestone": "2024-05-20 00:06:45 +0000"
    },
    "done": true
  },
  "minecraft:recipes/building_blocks/cobblestone_stairs": {
    "criteria": {
      "has_cobblestone": "2024-05-20 00:06:45 +0000"
    },
    "done": true
  },
  "minecraft:recipes/tools/stone_shovel": {
    "criteria": {
      "has_cobblestone": "2024-05-20 00:06:45 +0000"
    },
    "done": true
  },
  "minecraft:recipes/redstone/lever": {
    "criteria": {
      "has_cobblestone": "2024-05-20 00:06:45 +0000"
    },
    "done": true
  },
  "minecraft:recipes/combat/stone_sword": {
    "criteria": {
      "has_cobblestone": "2024-05-20 00:06:45 +0000"
    },
    "done": true
  },
  "minecraft:recipes/decorations/cobblestone_wall": {
    "criteria": {
      "has_cobblestone": "2024-05-20 00:06:45 +0000"
    },
    "done": true
  },
  "minecraft:recipes/tools/stone_axe": {
    "criteria": {
      "has_cobblestone": "2024-05-20 00:06:45 +0000"
    },
    "done": true
  },
  "securitycraft:recipes/redstone/laser_block": {
    "criteria": {
      "has_stone": "2024-05-20 00:06:45 +0000"
    },
    "done": true
  },
  "securitycraft:recipes/building_blocks/reinforced_andesite": {
    "criteria": {
      "has_cobblestone": "2024-05-20 00:06:45 +0000"
    },
    "done": true
  },
  "securitycraft:recipes/building_blocks/reinforced_diorite": {
    "criteria": {
      "has_cobblestone": "2024-05-20 00:06:45 +0000"
    },
    "done": true
  },
  "minecraft:recipes/building_blocks/cobblestone_stairs_from_cobblestone_stonecutting": {
    "criteria": {
      "has_cobblestone": "2024-05-20 00:06:45 +0000"
    },
    "done": true
  },
  "minecraft:recipes/tools/stone_hoe": {
    "criteria": {
      "has_cobblestone": "2024-05-20 00:06:45 +0000"
    },
    "done": true
  },
  "lootr:social": {
    "criteria": {
      "opened_barrel": "2024-05-20 01:03:07 +0000",
      "opened_chest": "2024-05-20 00:07:06 +0000"
    },
    "done": false
  },
  "lootr:1chest": {
    "criteria": {
      "opened_chest": "2024-05-20 00:07:06 +0000"
    },
    "done": true
  },
  "aether:recipes/combat/leather_boots_repairing": {
    "criteria": {
      "has_leather_boots": "2024-05-20 00:07:07 +0000"
    },
    "done": true
  },
  "aether:recipes/combat/leather_helmet_repairing": {
    "criteria": {
      "has_leather_helmet": "2024-05-20 00:07:07 +0000"
    },
    "done": true
  },
  "aether:recipes/combat/leather_chestplate_repairing": {
    "criteria": {
      "has_leather_chestplate": "2024-05-20 00:07:07 +0000"
    },
    "done": true
  },
  "aether:recipes/combat/leather_gloves_repairing": {
    "criteria": {
      "has_leather_gloves": "2024-05-20 00:07:07 +0000"
    },
    "done": true
  },
  "farmersdelight:recipes/cooking/baked_cod_stew": {
    "criteria": {
      "has_any_ingredient": "2024-05-20 00:07:33 +0000"
    },
    "done": true
  },
  "minecraft:recipes/food/baked_potato_from_campfire_cooking": {
    "criteria": {
      "has_potato": "2024-05-20 00:07:33 +0000"
    },
    "done": true
  },
  "minecraft:recipes/food/baked_potato": {
    "criteria": {
      "has_potato": "2024-05-20 00:07:33 +0000"
    },
    "done": true
  },
  "farmersdelight:recipes/cooking/beef_stew": {
    "criteria": {
      "has_any_ingredient": "2024-05-20 00:07:33 +0000"
    },
    "done": true
  },
  "minecraft:recipes/food/baked_potato_from_smoking": {
    "criteria": {
      "has_potato": "2024-05-20 00:07:33 +0000"
    },
    "done": true
  },
  "farmersdelight:main/get_fd_seed": {
    "criteria": {
      "cabbage_seeds": "2024-05-20 00:07:34 +0000"
    },
    "done": true
  },
  "farmersdelight:recipes/cooking/mushroom_rice": {
    "criteria": {
      "has_any_ingredient": "2024-05-20 00:07:51 +0000"
    },
    "done": true
  },
  "farmersdelight:recipes/cooking/dog_food": {
    "criteria": {
      "has_any_ingredient": "2024-05-20 00:07:51 +0000"
    },
    "done": true
  },
  "farmersdelight:recipes/cooking/cooked_rice": {
    "criteria": {
      "has_rice": "2024-05-20 00:07:51 +0000"
    },
    "done": true
  },
  "farmersdelight:recipes/cooking/fried_rice": {
    "criteria": {
      "has_any_ingredient": "2024-05-20 00:07:51 +0000"
    },
    "done": true
  },
  "farmersdelight:recipes/building_blocks/rice_bag": {
    "criteria": {
      "has_rice": "2024-05-20 00:07:51 +0000"
    },
    "done": true
  },
  "minecraft:recipes/decorations/lantern": {
    "criteria": {
      "has_iron_nugget": "2024-05-20 00:07:52 +0000"
    },
    "done": true
  },
  "brewery:recipes/breathalyzer": {
    "criteria": {
      "has_iron_nugget": "2024-05-20 00:07:52 +0000"
    },
    "done": true
  },
  "minecraft:recipes/misc/iron_ingot_from_nuggets": {
    "criteria": {
      "has_iron_nugget": "2024-05-20 00:07:52 +0000"
    },
    "done": true
  },
  "minecraft:recipes/decorations/chain": {
    "criteria": {
      "has_iron_nugget": "2024-05-20 00:07:52 +0000"
    },
    "done": true
  },
  "beautify:candelabras": {
    "criteria": {
      "requirement": "2024-05-20 00:07:52 +0000"
    },
    "done": true
  },
  "brewery:main/wild_crops": {
    "criteria": {
      "hops_seeds": "2024-05-20 00:07:53 +0000"
    },
    "done": true
  },
  "aquamirae:adventure/find_ice_maze": {
    "criteria": {
      "deep_frozen_ocean": "2024-05-20 00:08:59 +0000"
    },
    "done": true
  },
  "incendium:technical/sentrys_wrath": {
    "criteria": {
      "log_spam_fixer": "2024-05-20 03:12:58 +0000"
    },
    "done": false
  },
  "incendium:technical/on_player_hurt": {
    "criteria": {
      "log_spam_fixer": "2024-05-20 03:12:58 +0000"
    },
    "done": false
  },
  "incendium:technical/on_kill": {
    "criteria": {
      "log_spam_fixer": "2024-05-20 03:12:58 +0000"
    },
    "done": false
  },
  "incendium:technical/on_inventory_change": {
    "criteria": {
      "log_spam_fixer": "2024-05-20 03:12:58 +0000"
    },
    "done": false
  },
  "incendium:technical/holy_wrath": {
    "criteria": {
      "log_spam_fixer": "2024-05-20 03:12:58 +0000"
    },
    "done": false
  },
  "incendium:technical/on_block": {
    "criteria": {
      "log_spam_fixer": "2024-05-20 03:12:58 +0000"
    },
    "done": false
  },
  "incendium:technical/inventory/sentrys_wrath": {
    "criteria": {
      "log_spam_fixer": "2024-05-20 03:12:58 +0000"
    },
    "done": false
  },
  "incendium:technical/feed_ghastling": {
    "criteria": {
      "log_spam_fixer": "2024-05-20 03:12:58 +0000"
    },
    "done": false
  },
  "incendium:technical/firestorm": {
    "criteria": {
      "log_spam_fixer": "2024-05-20 03:12:58 +0000"
    },
    "done": false
  },
  "incendium:technical/inventory/firestorm": {
    "criteria": {
      "log_spam_fixer": "2024-05-20 03:12:58 +0000"
    },
    "done": false
  },
  "incendium:technical/give_ghastling": {
    "criteria": {
      "log_spam_fixer": "2024-05-20 03:12:58 +0000"
    },
    "done": false
  },
  "incendium:technical/multiplex_crossbow": {
    "criteria": {
      "log_spam_fixer": "2024-05-20 03:12:58 +0000"
    },
    "done": false
  },
  "minecraft:adventure/kill_all_mobs": {
    "criteria": {
      "minecraft:blaze": "2024-05-20 01:14:39 +0000",
      "minecraft:vindicator": "2024-05-20 00:09:53 +0000",
      "minecraft:magma_cube": "2024-05-20 01:09:46 +0000",
      "minecraft:piglin_brute": "2024-05-20 01:31:22 +0000",
      "minecraft:slime": "2024-05-20 01:12:21 +0000",
      "minecraft:zombified_piglin": "2024-05-20 01:24:40 +0000",
      "minecraft:ender_dragon": "2024-05-20 02:27:06 +0000",
      "minecraft:shulker": "2024-05-20 02:55:05 +0000",
      "minecraft:piglin": "2024-05-20 01:24:34 +0000",
      "minecraft:enderman": "2024-05-20 02:43:47 +0000"
    },
    "done": false
  },
  "tombstone:adventure/first_knowledge": {
    "criteria": {
      "coded_trigger": "2024-05-20 00:09:53 +0000"
    },
    "done": true
  },
  "minecraft:adventure/root": {
    "criteria": {
      "killed_something": "2024-05-20 00:09:53 +0000"
    },
    "done": true
  },
  "tombstone:adventure/ambush": {
    "criteria": {
      "coded_trigger": "2024-05-20 00:09:53 +0000"
    },
    "done": true
  },
  "minecraft:adventure/kill_a_mob": {
    "criteria": {
      "minecraft:vindicator": "2024-05-20 00:09:53 +0000"
    },
    "done": true
  },
  "securitycraft:recipes/misc/sentry": {
    "criteria": {
      "has_iron": "2024-05-20 00:59:47 +0000"
    },
    "done": true
  },
  "minecraft:recipes/building_blocks/polished_blackstone_brick_slab": {
    "criteria": {
      "has_polished_blackstone_bricks": "2024-05-20 01:37:07 +0000"
    },
    "done": true
  },
  "minecraft:recipes/decorations/red_nether_brick_wall": {
    "criteria": {
      "has_red_nether_bricks": "2024-05-20 01:53:31 +0000"
    },
    "done": true
  },
  "handcrafted:recipes/misc/oak_nightstand": {
    "criteria": {
      "has_oak_nightstand": "2024-05-20 00:53:02 +0000"
    },
    "done": true
  },
  "aether:recipes/combat/iron_pendant": {
    "criteria": {
      "has_iron_ingot": "2024-05-20 00:59:47 +0000"
    },
    "done": true
  },
  "iammusicplayer:recipes/misc/music_manager": {
    "criteria": {
      "has_diamond": "2024-05-20 01:02:56 +0000"
    },
    "done": true
  },
  "handcrafted:recipes/misc/crimson_side_table": {
    "criteria": {
      "has_crimson_side_table": "2024-05-20 03:13:36 +0000"
    },
    "done": true
  },
  "minecraft:recipes/misc/gold_ingot_from_gold_block": {
    "criteria": {
      "has_gold_block": "2024-05-20 01:30:47 +0000"
    },
    "done": true
  },
  "minecraft:recipes/tools/golden_axe": {
    "criteria": {
      "has_gold_ingot": "2024-05-20 01:03:24 +0000"
    },
    "done": true
  },
  "fairylights:recipes/fairylights/incandescent_light": {
    "criteria": {
      "has_iron": "2024-05-20 00:59:47 +0000"
    },
    "done": true
  },
  "alexsmobs:alexsmobs/enderiophage": {
    "criteria": {
      "killed_by": "2024-05-20 02:47:47 +0000"
    },
    "done": true
  },
  "minecraft:recipes/decorations/oak_sign": {
    "criteria": {
      "has_planks": "2024-05-20 00:53:02 +0000"
    },
    "done": true
  },
  "minecraft:recipes/tools/golden_pickaxe": {
    "criteria": {
      "has_gold_ingot": "2024-05-20 01:03:24 +0000"
    },
    "done": true
  },
  "minecraft:recipes/brewing/magma_cream": {
    "criteria": {
      "has_blaze_powder": "2024-05-20 02:03:41 +0000"
    },
    "done": true
  },
  "handcrafted:recipes/misc/kitchen_hood": {
    "criteria": {
      "has_kitchen_hood": "2024-05-20 02:20:41 +0000"
    },
    "done": true
  },
  "minecraft:nether/explore_nether": {
    "criteria": {
      "minecraft:nether_wastes": "2024-05-20 01:19:06 +0000",
      "minecraft:basalt_deltas": "2024-05-20 01:06:26 +0000",
      "minecraft:warped_forest": "2024-05-20 01:08:03 +0000"
    },
    "done": false
  },
  "incendium:root": {
    "criteria": {
      "requirement": "2024-05-20 01:06:25 +0000"
    },
    "done": true
  },
  "twilightforest:recipes/transportation/sorting_chest_boat": {
    "criteria": {
      "has_boat": "2024-05-20 00:58:48 +0000"
    },
    "done": true
  },
  "minecraft:recipes/building_blocks/end_stone_brick_slab_from_end_stone_stonecutting": {
    "criteria": {
      "has_end_stone": "2024-05-20 02:18:40 +0000"
    },
    "done": true
  },
  "minecraft:recipes/misc/netherite_scrap_from_blasting": {
    "criteria": {
      "has_ancient_debris": "2024-05-20 01:31:50 +0000"
    },
    "done": true
  },
  "minecraft:recipes/combat/diamond_sword": {
    "criteria": {
      "has_diamond": "2024-05-20 01:02:56 +0000"
    },
    "done": true
  },
  "minecraft:recipes/decorations/jukebox": {
    "criteria": {
      "has_diamond": "2024-05-20 01:02:56 +0000"
    },
    "done": true
  },
  "minecraft:recipes/misc/gold_nugget": {
    "criteria": {
      "has_gold_ingot": "2024-05-20 01:03:24 +0000"
    },
    "done": true
  },
  "tombstone:recipes/from_grave_key": {
    "criteria": {
      "has_ingredient": "2024-05-20 00:55:24 +0000"
    },
    "done": true
  },
  "tombstone:adventure/use_lightning_resistance": {
    "criteria": {
      "has_magic_scroll": "2024-05-20 01:35:24 +0000"
    },
    "done": true
  },
  "minecraft:recipes/combat/iron_helmet": {
    "criteria": {
      "has_iron_ingot": "2024-05-20 00:59:47 +0000"
    },
    "done": true
  },
  "minecraft:recipes/tools/golden_shovel": {
    "criteria": {
      "has_gold_ingot": "2024-05-20 01:03:24 +0000"
    },
    "done": true
  },
  "minecraft:recipes/combat/diamond_chestplate": {
    "criteria": {
      "has_diamond": "2024-05-20 01:02:56 +0000"
    },
    "done": true
  },
  "minecraft:recipes/food/golden_apple": {
    "criteria": {
      "has_gold_ingot": "2024-05-20 01:03:24 +0000"
    },
    "done": true
  },
  "handcrafted:recipes/misc/oak_fancy_bed": {
    "criteria": {
      "has_oak_fancy_bed": "2024-05-20 00:53:02 +0000"
    },
    "done": true
  },
  "biomesoplenty:recipes/transportation/jacaranda_chest_boat": {
    "criteria": {
      "has_boat": "2024-05-20 00:58:48 +0000"
    },
    "done": true
  },
  "minecraft:recipes/decorations/end_crystal": {
    "criteria": {
      "has_ender_eye": "2024-05-20 02:07:59 +0000"
    },
    "done": true
  },
  "aether:recipes/tools/diamond_hoe_repairing": {
    "criteria": {
      "has_diamond_hoe": "2024-05-20 02:56:32 +0000"
    },
    "done": true
  },
  "handcrafted:recipes/misc/hammer": {
    "criteria": {
      "has_hammer": "2024-05-20 00:59:47 +0000"
    },
    "done": true
  },
  "minecraft:recipes/combat/golden_boots": {
    "criteria": {
      "has_gold_ingot": "2024-05-20 01:03:24 +0000"
    },
    "done": true
  },
  "stellarity:story/strengthened_by_fire": {
    "criteria": {
      "criteria": "2024-05-20 02:07:59 +0000"
    },
    "done": true
  },
  "mcwwindows:recipes/blinds": {
    "criteria": {
      "has_wood": "2024-05-20 00:53:02 +0000",
      "has_the_recipe": "2024-05-20 00:53:02 +0000"
    },
    "done": true
  },
  "stellarity:cursed_tome/dragonblade": {
    "criteria": {
      "requirement2": "2024-05-20 02:27:06 +0000"
    },
    "done": true
  },
  "naturalist:recipes/food/cooked_bass": {
    "criteria": {
      "has_bass": "2024-05-20 00:58:54 +0000"
    },
    "done": true
  },
  "securitycraft:recipes/decorations/floor_trap": {
    "criteria": {
      "has_iron": "2024-05-20 00:59:47 +0000"
    },
    "done": true
  },
  "stellarity:dragons_den/cursed_tome/items/unlock_zephyr": {
    "criteria": {
      "requirement": "2024-05-20 02:54:35 +0000"
    },
    "done": true
  },
  "minecraft:recipes/decorations/blackstone_wall": {
    "criteria": {
      "has_blackstone": "2024-05-20 01:46:51 +0000"
    },
    "done": true
  },
  "minecraft:recipes/transportation/spruce_chest_boat": {
    "criteria": {
      "has_boat": "2024-05-20 00:58:48 +0000"
    },
    "done": true
  },
  "securitycraft:recipes/building_blocks/electrified_iron_fence": {
    "criteria": {
      "has_iron": "2024-05-20 00:59:47 +0000"
    },
    "done": true
  },
  "minecraft:nether/obtain_blaze_rod": {
    "criteria": {
      "blaze_rod": "2024-05-20 01:52:03 +0000"
    },
    "done": true
  },
  "handcrafted:recipes/misc/crimson_couch": {
    "criteria": {
      "has_crimson_couch": "2024-05-20 03:13:36 +0000"
    },
    "done": true
  },
  "minecraft:recipes/building_blocks/cracked_polished_blackstone_bricks": {
    "criteria": {
      "has_polished_blackstone_bricks": "2024-05-20 01:37:07 +0000"
    },
    "done": true
  },
  "securitycraft:recipes/misc/storage_module": {
    "criteria": {
      "has_iron": "2024-05-20 00:59:47 +0000"
    },
    "done": true
  },
  "minecraft:story/shiny_gear": {
    "criteria": {
      "diamond_chestplate": "2024-05-20 01:30:37 +0000"
    },
    "done": true
  },
  "minecraft:recipes/tools/shears": {
    "criteria": {
      "has_iron_ingot": "2024-05-20 00:59:47 +0000"
    },
    "done": true
  },
  "minecraft:recipes/redstone/crimson_pressure_plate": {
    "criteria": {
      "has_planks": "2024-05-20 03:13:36 +0000"
    },
    "done": true
  },
  "minecraft:recipes/brewing/golden_carrot": {
    "criteria": {
      "has_gold_nugget": "2024-05-20 01:24:41 +0000"
    },
    "done": true
  },
  "handcrafted:recipes/misc/oak_table": {
    "criteria": {
      "has_oak_table": "2024-05-20 00:53:02 +0000"
    },
    "done": true
  },
  "handcrafted:recipes/misc/crimson_pillar_trim": {
    "criteria": {
      "has_crimson_pillar_trim": "2024-05-20 03:13:36 +0000"
    },
    "done": true
  },
  "minecraft:recipes/transportation/jungle_chest_boat": {
    "criteria": {
      "has_boat": "2024-05-20 00:58:48 +0000"
    },
    "done": true
  },
  "stellarity:end_city/whos_the_thief_now": {
    "criteria": {
      "open_chest_1": "2024-05-20 02:54:44 +0000"
    },
    "done": true
  },
  "stellarity:end_city/defeat_shulker": {
    "criteria": {
      "defeat_shulkers": "2024-05-20 02:55:05 +0000"
    },
    "done": true
  },
  "stellarity:cursed_tome/trinkets/ender_insignia": {
    "criteria": {
      "requirement2": "2024-05-20 02:27:06 +0000"
    },
    "done": true
  },
  "minecraft:recipes/tools/spyglass": {
    "criteria": {
      "has_amethyst_shard": "2024-05-20 02:27:18 +0000"
    },
    "done": true
  },
  "stellarity:dragons_den/cursed_tome/items/unlock_ancient_armor": {
    "criteria": {
      "requirement3": "2024-05-20 02:54:35 +0000"
    },
    "done": true
  },
  "minecraft:adventure/sleep_in_bed": {
    "criteria": {
      "slept_in_bed": "2024-05-20 00:53:50 +0000"
    },
    "done": true
  },
  "handcrafted:recipes/misc/oak_corner_trim": {
    "criteria": {
      "has_oak_corner_trim": "2024-05-20 00:53:02 +0000"
    },
    "done": true
  },
  "beachparty:beachpartypalm_tall_torch": {
    "criteria": {
      "has_the_recipe": "2024-05-20 00:59:48 +0000"
    },
    "done": true
  },
  "minecraft:recipes/tools/diamond_pickaxe": {
    "criteria": {
      "has_diamond": "2024-05-20 01:02:56 +0000"
    },
    "done": true
  },
  "minecraft:recipes/decorations/crimson_sign": {
    "criteria": {
      "has_planks": "2024-05-20 03:13:36 +0000"
    },
    "done": true
  },
  "minecraft:recipes/building_blocks/polished_blackstone_brick_stairs_from_blackstone_stonecutting": {
    "criteria": {
      "has_blackstone": "2024-05-20 01:46:51 +0000"
    },
    "done": true
  },
  "securitycraft:recipes/building_blocks/reinforced_granite": {
    "criteria": {
      "has_quartz": "2024-05-20 01:25:44 +0000"
    },
    "done": true
  },
  "minecraft:recipes/building_blocks/polished_blackstone_bricks_from_blackstone_stonecutting": {
    "criteria": {
      "has_blackstone": "2024-05-20 01:46:51 +0000"
    },
    "done": true
  },
  "minecraft:recipes/combat/golden_chestplate": {
    "criteria": {
      "has_gold_ingot": "2024-05-20 01:03:24 +0000"
    },
    "done": true
  },
  "minecraft:recipes/building_blocks/iron_block": {
    "criteria": {
      "has_iron_ingot": "2024-05-20 00:59:47 +0000"
    },
    "done": true
  },
  "minecraft:recipes/transportation/mangrove_chest_boat": {
    "criteria": {
      "has_boat": "2024-05-20 00:58:48 +0000"
    },
    "done": true
  },
  "farmersdelight:recipes/decorations/cooking_pot": {
    "criteria": {
      "has_iron_ingot": "2024-05-20 00:59:47 +0000"
    },
    "done": true
  },
  "biomesoplenty:recipes/transportation/fir_chest_boat": {
    "criteria": {
      "has_boat": "2024-05-20 00:58:48 +0000"
    },
    "done": true
  },
  "beautify:iron_blinds": {
    "criteria": {
      "requirement": "2024-05-20 00:59:47 +0000"
    },
    "done": true
  },
  "minecraft:recipes/misc/netherite_ingot": {
    "criteria": {
      "has_netherite_scrap": "2024-05-20 01:30:34 +0000"
    },
    "done": true
  },
  "handcrafted:recipes/misc/oak_drawer": {
    "criteria": {
      "has_oak_drawer": "2024-05-20 00:53:02 +0000"
    },
    "done": true
  },
  "securitycraft:recipes/transportation/track_mine": {
    "criteria": {
      "has_iron": "2024-05-20 00:59:47 +0000"
    },
    "done": true
  },
  "minecraft:recipes/misc/fire_charge": {
    "criteria": {
      "has_blaze_powder": "2024-05-20 02:03:41 +0000"
    },
    "done": true
  },
  "biomesoplenty:recipes/transportation/palm_chest_boat": {
    "criteria": {
      "has_boat": "2024-05-20 00:58:48 +0000"
    },
    "done": true
  },
  "farmersdelight:recipes/combat/golden_knife": {
    "criteria": {
      "has_gold_ingot": "2024-05-20 01:03:24 +0000"
    },
    "done": true
  },
  "minecraft:nether/obtain_ancient_debris": {
    "criteria": {
      "ancient_debris": "2024-05-20 01:31:50 +0000"
    },
    "done": true
  },
  "tombstone:adventure/cancel_ghostly_shape": {
    "criteria": {
      "coded_trigger": "2024-05-20 01:09:14 +0000"
    },
    "done": true
  },
  "minecraft:recipes/building_blocks/diorite": {
    "criteria": {
      "has_quartz": "2024-05-20 01:25:44 +0000"
    },
    "done": true
  },
  "fairylights:recipes/fairylights/garland": {
    "criteria": {
      "has_iron": "2024-05-20 00:59:47 +0000"
    },
    "done": true
  },
  "minecraft:recipes/building_blocks/polished_blackstone_stairs_from_blackstone_stonecutting": {
    "criteria": {
      "has_blackstone": "2024-05-20 01:46:51 +0000"
    },
    "done": true
  },
  "minecraft:recipes/building_blocks/granite": {
    "criteria": {
      "has_quartz": "2024-05-20 01:25:44 +0000"
    },
    "done": true
  },
  "handcrafted:recipes/misc/blackstone_pillar_trim": {
    "criteria": {
      "has_blackstone_pillar_trim": "2024-05-20 01:46:51 +0000"
    },
    "done": true
  },
  "twilightforest:recipes/transportation/mining_chest_boat": {
    "criteria": {
      "has_boat": "2024-05-20 00:58:48 +0000"
    },
    "done": true
  },
  "securitycraft:recipes/misc/whitelist_module": {
    "criteria": {
      "has_iron": "2024-05-20 00:59:47 +0000"
    },
    "done": true
  },
  "minecraft:recipes/transportation/oak_chest_boat": {
    "criteria": {
      "has_boat": "2024-05-20 00:58:48 +0000"
    },
    "done": true
  },
  "minecraft:recipes/redstone/crimson_door": {
    "criteria": {
      "has_planks": "2024-05-20 03:13:36 +0000"
    },
    "done": true
  },
  "farmersdelight:recipes/cooking/apple_cider": {
    "criteria": {
      "has_apple": "2024-05-20 01:00:11 +0000"
    },
    "done": true
  },
  "mcwwindows:recipes/parapets": {
    "criteria": {
      "has_wood": "2024-05-20 00:53:02 +0000",
      "has_the_recipe": "2024-05-20 00:53:02 +0000"
    },
    "done": true
  },
  "fairylights:recipes/fairylights/oil_lantern": {
    "criteria": {
      "has_iron": "2024-05-20 00:59:47 +0000"
    },
    "done": true
  },
  "minecraft:recipes/tools/diamond_hoe": {
    "criteria": {
      "has_diamond": "2024-05-20 01:02:56 +0000"
    },
    "done": true
  },
  "minecraft:recipes/tools/diamond_shovel": {
    "criteria": {
      "has_diamond": "2024-05-20 01:02:56 +0000"
    },
    "done": true
  },
  "aether:recipes/combat/shield_repairing": {
    "criteria": {
      "has_shield": "2024-05-20 02:27:18 +0000"
    },
    "done": true
  },
  "minecraft:recipes/building_blocks/polished_blackstone_brick_stairs_from_polished_blackstone_bricks_stonecutting": {
    "criteria": {
      "has_polished_blackstone_bricks": "2024-05-20 01:37:07 +0000"
    },
    "done": true
  },
  "fairylights:recipes/fairylights/orb_lantern": {
    "criteria": {
      "has_iron": "2024-05-20 00:59:47 +0000"
    },
    "done": true
  },
  "mcwbridges:recipes/oak_log_bridge_middle": {
    "criteria": {
      "has_planks": "2024-05-20 00:53:02 +0000"
    },
    "done": true
  },
  "mcwbridges:recipes/iron_bridge_pier": {
    "criteria": {
      "has_planks": "2024-05-20 00:59:47 +0000"
    },
    "done": true
  },
  "tombstone:adventure/mutual_aid": {
    "criteria": {
      "coded_trigger": "2024-05-20 01:35:24 +0000"
    },
    "done": true
  },
  "minecraft:recipes/redstone/light_weighted_pressure_plate": {
    "criteria": {
      "has_gold_ingot": "2024-05-20 01:03:24 +0000"
    },
    "done": true
  },
  "minecraft:recipes/building_blocks/quartz_block": {
    "criteria": {
      "has_quartz": "2024-05-20 01:25:44 +0000"
    },
    "done": true
  },
  "securitycraft:recipes/misc/security_camera": {
    "criteria": {
      "has_iron": "2024-05-20 00:59:47 +0000"
    },
    "done": true
  },
  "handcrafted:recipes/misc/oak_shelf": {
    "criteria": {
      "has_oak_shelf": "2024-05-20 00:53:02 +0000"
    },
    "done": true
  },
  "fairylights:recipes/fairylights/jack_o_lantern": {
    "criteria": {
      "has_iron": "2024-05-20 00:59:47 +0000"
    },
    "done": true
  },
  "minecraft:recipes/building_blocks/red_nether_brick_slab_from_red_nether_bricks_stonecutting": {
    "criteria": {
      "has_red_nether_bricks": "2024-05-20 01:53:31 +0000"
    },
    "done": true
  },
  "iammusicplayer:iammusicplayer/write_cassette_tape": {
    "criteria": {
      "write_cassette_tape": "2024-05-20 02:07:19 +0000"
    },
    "done": true
  },
  "minecraft:recipes/redstone/hopper": {
    "criteria": {
      "has_iron_ingot": "2024-05-20 00:59:47 +0000"
    },
    "done": true
  },
  "minecraft:recipes/redstone/calibrated_sculk_sensor": {
    "criteria": {
      "has_amethyst_shard": "2024-05-20 02:27:18 +0000"
    },
    "done": true
  },
  "minecraft:recipes/building_blocks/smooth_basalt": {
    "criteria": {
      "has_basalt": "2024-05-20 01:25:38 +0000"
    },
    "done": true
  },
  "minecraft:recipes/building_blocks/tinted_glass": {
    "criteria": {
      "has_amethyst_shard": "2024-05-20 02:27:18 +0000"
    },
    "done": true
  },
  "minecraft:recipes/redstone/comparator": {
    "criteria": {
      "has_quartz": "2024-05-20 01:25:44 +0000"
    },
    "done": true
  },
  "securitycraft:recipes/misc/briefcase": {
    "criteria": {
      "has_iron": "2024-05-20 00:59:47 +0000"
    },
    "done": true
  },
  "securitycraft:recipes/redstone/reinforced_fence_gate": {
    "criteria": {
      "has_iron": "2024-05-20 00:59:47 +0000"
    },
    "done": true
  },
  "aether:recipes/combat/golden_ring": {
    "criteria": {
      "has_gold_ingot": "2024-05-20 01:03:24 +0000"
    },
    "done": true
  },
  "beachparty:palm_chest_boat": {
    "criteria": {
      "has_boat": "2024-05-20 00:58:48 +0000"
    },
    "done": true
  },
  "aether:recipes/combat/iron_gloves": {
    "criteria": {
      "has_iron": "2024-05-20 00:59:47 +0000"
    },
    "done": true
  },
  "minecraft:recipes/building_blocks/oak_slab": {
    "criteria": {
      "has_planks": "2024-05-20 00:53:02 +0000"
    },
    "done": true
  },
  "incendium:toxic_heap/root": {
    "criteria": {
      "requirement": "2024-05-20 01:10:36 +0000"
    },
    "done": true
  },
  "aether:recipes/combat/iron_sword_repairing": {
    "criteria": {
      "has_iron_sword": "2024-05-20 02:14:02 +0000"
    },
    "done": true
  },
  "twilightforest:recipes/transportation/mangrove_chest_boat": {
    "criteria": {
      "has_boat": "2024-05-20 00:58:48 +0000"
    },
    "done": true
  },
  "minecraft:recipes/building_blocks/blackstone_stairs": {
    "criteria": {
      "has_blackstone": "2024-05-20 01:46:51 +0000"
    },
    "done": true
  },
  "securitycraft:recipes/misc/keycard_lv5": {
    "criteria": {
      "has_iron": "2024-05-20 00:59:47 +0000"
    },
    "done": true
  },
  "securitycraft:recipes/misc/keycard_lv3": {
    "criteria": {
      "has_iron": "2024-05-20 00:59:47 +0000"
    },
    "done": true
  },
  "handcrafted:recipes/misc/crimson_corner_trim": {
    "criteria": {
      "has_crimson_corner_trim": "2024-05-20 03:13:36 +0000"
    },
    "done": true
  },
  "securitycraft:recipes/misc/keycard_lv4": {
    "criteria": {
      "has_iron": "2024-05-20 00:59:47 +0000"
    },
    "done": true
  },
  "securitycraft:recipes/misc/keycard_lv1": {
    "criteria": {
      "has_iron": "2024-05-20 00:59:47 +0000"
    },
    "done": true
  },
  "securitycraft:recipes/misc/keycard_lv2": {
    "criteria": {
      "has_iron": "2024-05-20 00:59:47 +0000"
    },
    "done": true
  },
  "minecraft:recipes/transportation/bamboo_chest_raft": {
    "criteria": {
      "has_boat": "2024-05-20 00:58:48 +0000"
    },
    "done": true
  },
  "minecraft:recipes/combat/iron_boots": {
    "criteria": {
      "has_iron_ingot": "2024-05-20 00:59:47 +0000"
    },
    "done": true
  },
  "fairylights:recipes/fairylights/flower_light": {
    "criteria": {
      "has_iron": "2024-05-20 00:59:47 +0000"
    },
    "done": true
  },
  "minecraft:recipes/building_blocks/polished_blackstone_slab_from_blackstone_stonecutting": {
    "criteria": {
      "has_blackstone": "2024-05-20 01:46:51 +0000"
    },
    "done": true
  },
  "handcrafted:recipes/misc/crimson_cupboard": {
    "criteria": {
      "has_crimson_cupboard": "2024-05-20 03:13:36 +0000"
    },
    "done": true
  },
  "stellarity:events/on_death": {
    "criteria": {
      "requirement": "2024-05-20 00:55:22 +0000"
    },
    "done": true
  },
  "fairylights:recipes/fairylights/icicle_lights": {
    "criteria": {
      "has_iron": "2024-05-20 00:59:47 +0000"
    },
    "done": true
  },
  "lootr:50loot": {
    "criteria": {
      "loot_stat": "2024-05-20 01:55:12 +0000"
    },
    "done": true
  },
  "handcrafted:recipes/misc/golden_medium_pot": {
    "criteria": {
      "has_golden_medium_pot": "2024-05-20 01:30:47 +0000"
    },
    "done": true
  },
  "securitycraft:recipes/misc/mine": {
    "criteria": {
      "has_iron": "2024-05-20 00:59:47 +0000"
    },
    "done": true
  },
  "minecraft:recipes/misc/snout_armor_trim_smithing_template": {
    "criteria": {
      "has_snout_armor_trim_smithing_template": "2024-05-20 01:31:55 +0000"
    },
    "done": true
  },
  "incendium:misc/root": {
    "criteria": {
      "incendium:inverted_forest": "2024-05-20 01:48:08 +0000"
    },
    "done": true
  },
  "handcrafted:recipes/misc/oak_dining_bench": {
    "criteria": {
      "has_oak_dining_bench": "2024-05-20 00:53:02 +0000"
    },
    "done": true
  },
  "tombstone:adventure/first_grave": {
    "criteria": {
      "coded_trigger": "2024-05-20 00:55:22 +0000"
    },
    "done": true
  },
  "minecraft:recipes/redstone/oak_fence_gate": {
    "criteria": {
      "has_planks": "2024-05-20 00:53:02 +0000"
    },
    "done": true
  },
  "handcrafted:recipes/misc/oak_desk": {
    "criteria": {
      "has_oak_desk": "2024-05-20 00:53:02 +0000"
    },
    "done": true
  },
  "stellarity:dragons_den/final_showdown": {
    "criteria": {
      "spawn_dragon_first_time": "2024-05-20 02:11:06 +0000"
    },
    "done": true
  },
  "biomesoplenty:recipes/transportation/hellbark_chest_boat": {
    "criteria": {
      "has_boat": "2024-05-20 00:58:48 +0000"
    },
    "done": true
  },
  "minecraft:recipes/tools/iron_shovel": {
    "criteria": {
      "has_iron_ingot": "2024-05-20 00:59:47 +0000"
    },
    "done": true
  },
  "fairylights:recipes/fairylights/witch_light": {
    "criteria": {
      "has_iron": "2024-05-20 00:59:47 +0000"
    },
    "done": true
  },
  "twilightforest:recipes/transportation/dark_chest_boat": {
    "criteria": {
      "has_boat": "2024-05-20 00:58:48 +0000"
    },
    "done": true
  },
  "lootr:25loot": {
    "criteria": {
      "loot_stat": "2024-05-20 01:28:15 +0000"
    },
    "done": true
  },
  "minecraft:recipes/combat/diamond_helmet": {
    "criteria": {
      "has_diamond": "2024-05-20 01:02:56 +0000"
    },
    "done": true
  },
  "lootr:1barrel": {
    "criteria": {
      "opened_barrel": "2024-05-20 01:03:07 +0000"
    },
    "done": true
  },
  "alexsmobs:alexsmobs/straddler": {
    "criteria": {
      "killed_by": "2024-05-20 01:09:19 +0000"
    },
    "done": true
  },
  "minecraft:recipes/building_blocks/chiseled_nether_bricks_from_nether_bricks_stonecutting": {
    "criteria": {
      "has_nether_bricks": "2024-05-20 01:53:34 +0000"
    },
    "done": true
  },
  "fairylights:recipes/fairylights/fairy_light": {
    "criteria": {
      "has_iron": "2024-05-20 00:59:47 +0000"
    },
    "done": true
  },
  "minecraft:recipes/building_blocks/blackstone_slab": {
    "criteria": {
      "has_blackstone": "2024-05-20 01:46:51 +0000"
    },
    "done": true
  },
  "minecraft:end/enter_end_gateway": {
    "criteria": {
      "entered_end_gateway": "2024-05-20 02:36:04 +0000"
    },
    "done": true
  },
  "aether:recipes/combat/diamond_chestplate_repairing": {
    "criteria": {
      "has_diamond_chestplate": "2024-05-20 01:30:37 +0000"
    },
    "done": true
  },
  "minecraft:nether/loot_bastion": {
    "criteria": {
      "loot_bastion_treasure": "2024-05-20 01:30:06 +0000"
    },
    "done": true
  },
  "minecraft:recipes/redstone/oak_door": {
    "criteria": {
      "has_planks": "2024-05-20 00:53:02 +0000"
    },
    "done": true
  },
  "stellarity:dragons_den/cursed_tome/items/trinkets/unlock_ender_insignia": {
    "criteria": {
      "requirement2": "2024-05-20 02:27:06 +0000"
    },
    "done": true
  },
  "securitycraft:recipes/misc/protecto": {
    "criteria": {
      "has_ender_eye": "2024-05-20 02:07:59 +0000"
    },
    "done": true
  },
  "minecraft:recipes/misc/iron_ingot_from_iron_block": {
    "criteria": {
      "has_iron_block": "2024-05-20 01:31:53 +0000"
    },
    "done": true
  },
  "minecraft:recipes/decorations/end_stone_brick_wall_from_end_stone_stonecutting": {
    "criteria": {
      "has_end_stone": "2024-05-20 02:18:40 +0000"
    },
    "done": true
  },
  "handcrafted:recipes/misc/crimson_fancy_bed": {
    "criteria": {
      "has_crimson_fancy_bed": "2024-05-20 03:13:36 +0000"
    },
    "done": true
  },
  "minecraft:recipes/building_blocks/polished_blackstone_brick_slab_from_blackstone_stonecutting": {
    "criteria": {
      "has_blackstone": "2024-05-20 01:46:51 +0000"
    },
    "done": true
  },
  "iceandfire:recipes/food/gold_pile": {
    "criteria": {
      "has_item": "2024-05-20 01:24:41 +0000"
    },
    "done": true
  },
  "handcrafted:recipes/misc/crimson_counter": {
    "criteria": {
      "has_crimson_counter": "2024-05-20 03:13:36 +0000"
    },
    "done": true
  },
  "aether:recipes/combat/diamond_gloves": {
    "criteria": {
      "has_diamond": "2024-05-20 01:02:56 +0000"
    },
    "done": true
  },
  "minecraft:recipes/combat/golden_sword": {
    "criteria": {
      "has_gold_ingot": "2024-05-20 01:03:24 +0000"
    },
    "done": true
  },
  "minecraft:end/elytra": {
    "criteria": {
      "elytra": "2024-05-20 02:58:40 +0000"
    },
    "done": true
  },
  "handcrafted:recipes/misc/crimson_drawer": {
    "criteria": {
      "has_crimson_drawer": "2024-05-20 03:13:36 +0000"
    },
    "done": true
  },
  "minecraft:recipes/building_blocks/polished_blackstone_brick_slab_from_polished_blackstone_bricks_stonecutting": {
    "criteria": {
      "has_polished_blackstone_bricks": "2024-05-20 01:37:07 +0000"
    },
    "done": true
  },
  "minecraft:recipes/decorations/crimson_fence": {
    "criteria": {
      "has_planks": "2024-05-20 03:13:36 +0000"
    },
    "done": true
  },
  "mcwbridges:recipes/iron_bridge": {
    "criteria": {
      "has_planks": "2024-05-20 00:59:47 +0000"
    },
    "done": true
  },
  "tombstone:adventure/use_knowledge": {
    "criteria": {
      "coded_trigger": "2024-05-20 01:11:47 +0000"
    },
    "done": true
  },
  "minecraft:recipes/building_blocks/gold_block": {
    "criteria": {
      "has_gold_ingot": "2024-05-20 01:03:24 +0000"
    },
    "done": true
  },
  "securitycraft:recipes/misc/trophy_system": {
    "criteria": {
      "has_iron": "2024-05-20 00:59:47 +0000"
    },
    "done": true
  },
  "aether:recipes/combat/diamond_sword_repairing": {
    "criteria": {
      "has_diamond_sword": "2024-05-20 01:30:36 +0000"
    },
    "done": true
  },
  "minecraft:recipes/redstone/iron_trapdoor": {
    "criteria": {
      "has_iron_ingot": "2024-05-20 00:59:47 +0000"
    },
    "done": true
  },
  "minecraft:recipes/misc/ender_eye": {
    "criteria": {
      "has_the_recipe": "2024-05-20 01:46:16 +0000"
    },
    "done": true
  },
  "minecraft:recipes/decorations/nether_brick_wall_from_nether_bricks_stonecutting": {
    "criteria": {
      "has_nether_bricks": "2024-05-20 01:53:34 +0000"
    },
    "done": true
  },
  "minecraft:story/follow_ender_eye": {
    "criteria": {
      "in_stronghold_betterstrongholds": "2024-05-20 00:59:02 +0000"
    },
    "done": true
  },
  "minecraft:recipes/redstone/slime_block": {
    "criteria": {
      "has_slime_ball": "2024-05-20 01:12:23 +0000"
    },
    "done": true
  },
  "minecraft:recipes/decorations/polished_blackstone_brick_wall": {
    "criteria": {
      "has_polished_blackstone_bricks": "2024-05-20 01:37:07 +0000"
    },
    "done": true
  },
  "tombstone:adventure/teleport_to_grave": {
    "criteria": {
      "coded_trigger": "2024-05-20 00:55:36 +0000"
    },
    "done": true
  },
  "minecraft:recipes/combat/crossbow": {
    "criteria": {
      "has_iron_ingot": "2024-05-20 00:59:47 +0000"
    },
    "done": true
  },
  "tombstone:recipes/from_grave_dust": {
    "criteria": {
      "has_ingredient": "2024-05-20 01:09:17 +0000"
    },
    "done": true
  },
  "tombstone:adventure/easy_opening": {
    "criteria": {
      "coded_trigger": "2024-05-20 01:46:31 +0000"
    },
    "done": true
  },
  "minecraft:recipes/building_blocks/diamond_block": {
    "criteria": {
      "has_diamond": "2024-05-20 01:02:56 +0000"
    },
    "done": true
  },
  "farmersdelight:main/craft_knife": {
    "criteria": {
      "diamond_knife": "2024-05-20 02:55:23 +0000"
    },
    "done": true
  },
  "incendium:misc/soul_searcher": {
    "criteria": {
      "incendium:inverted_forest": "2024-05-20 01:48:08 +0000",
      "incendium:toxic_heap": "2024-05-20 01:10:36 +0000"
    },
    "done": false
  },
  "minecraft:recipes/decorations/nether_brick_wall": {
    "criteria": {
      "has_nether_bricks": "2024-05-20 01:53:34 +0000"
    },
    "done": true
  },
  "securitycraft:recipes/misc/speed_module": {
    "criteria": {
      "has_iron": "2024-05-20 00:59:47 +0000"
    },
    "done": true
  },
  "mcwbridges:recipes/blackstone_bridge_pier": {
    "criteria": {
      "has_planks": "2024-05-20 01:46:51 +0000"
    },
    "done": true
  },
  "minecraft:recipes/building_blocks/red_nether_brick_slab": {
    "criteria": {
      "has_red_nether_bricks": "2024-05-20 01:53:31 +0000"
    },
    "done": true
  },
  "securitycraft:recipes/misc/camera_monitor": {
    "criteria": {
      "has_iron": "2024-05-20 00:59:47 +0000"
    },
    "done": true
  },
  "stellarity:dragons_den/cursed_tome/items/unlock_hallowed_armor": {
    "criteria": {
      "requirement3": "2024-05-20 02:54:35 +0000"
    },
    "done": true
  },
  "farmersdelight:recipes/combat/iron_knife": {
    "criteria": {
      "has_iron_ingot": "2024-05-20 00:59:47 +0000"
    },
    "done": true
  },
  "stellarity:cursed_tome/tamaris": {
    "criteria": {
      "requirement2": "2024-05-20 02:27:06 +0000"
    },
    "done": true
  },
  "beachparty:beachpartymini_fridge": {
    "criteria": {
      "has_the_recipe": "2024-05-20 00:59:47 +0000",
      "has_iron_ingot": "2024-05-20 00:59:47 +0000"
    },
    "done": true
  },
  "stellarity:dragons_den/sacrificial_ritual": {
    "criteria": {
      "requirement": "2024-05-20 02:10:45 +0000"
    },
    "done": true
  },
  "minecraft:recipes/decorations/ender_chest": {
    "criteria": {
      "has_ender_eye": "2024-05-20 02:07:59 +0000"
    },
    "done": true
  },
  "fairylights:recipes/fairylights/ghost_light": {
    "criteria": {
      "has_iron": "2024-05-20 00:59:47 +0000"
    },
    "done": true
  },
  "minecraft:story/mine_diamond": {
    "criteria": {
      "diamond": "2024-05-20 01:02:56 +0000"
    },
    "done": true
  },
  "securitycraft:recipes/misc/redstone_module": {
    "criteria": {
      "has_iron": "2024-05-20 00:59:47 +0000"
    },
    "done": true
  },
  "biomesoplenty:recipes/transportation/umbran_chest_boat": {
    "criteria": {
      "has_boat": "2024-05-20 00:58:48 +0000"
    },
    "done": true
  },
  "biomesoplenty:recipes/transportation/willow_chest_boat": {
    "criteria": {
      "has_boat": "2024-05-20 00:58:48 +0000"
    },
    "done": true
  },
  "stellarity:events/first_time_in_end": {
    "criteria": {
      "requirement": "2024-05-20 02:09:17 +0000"
    },
    "done": true
  },
  "minecraft:nether/find_fortress": {
    "criteria": {
      "in_better_fortress": "2024-05-20 01:49:07 +0000"
    },
    "done": true
  },
  "minecraft:recipes/misc/nether_brick": {
    "criteria": {
      "has_netherrack": "2024-05-20 01:12:49 +0000"
    },
    "done": true
  },
  "aether:recipes/tools/diamond_pickaxe_repairing": {
    "criteria": {
      "has_diamond_pickaxe": "2024-05-20 02:35:42 +0000"
    },
    "done": true
  },
  "handcrafted:recipes/misc/crimson_dining_bench": {
    "criteria": {
      "has_crimson_dining_bench": "2024-05-20 03:13:36 +0000"
    },
    "done": true
  },
  "handcrafted:recipes/misc/oak_counter": {
    "criteria": {
      "has_oak_counter": "2024-05-20 00:53:02 +0000"
    },
    "done": true
  },
  "minecraft:recipes/decorations/shulker_box": {
    "criteria": {
      "has_shulker_shell": "2024-05-20 02:55:06 +0000"
    },
    "done": true
  },
  "minecraft:recipes/building_blocks/polished_basalt": {
    "criteria": {
      "has_basalt": "2024-05-20 01:25:38 +0000"
    },
    "done": true
  },
  "minecraft:recipes/misc/slime_ball": {
    "criteria": {
      "has_slime_block": "2024-05-20 01:20:58 +0000"
    },
    "done": true
  },
  "aether:recipes/tools/iron_pickaxe_repairing": {
    "criteria": {
      "has_iron_pickaxe": "2024-05-20 01:02:51 +0000"
    },
    "done": true
  },
  "securitycraft:recipes/misc/door_indestructible_iron_item": {
    "criteria": {
      "has_iron": "2024-05-20 00:59:47 +0000"
    },
    "done": true
  },
  "securitycraft:recipes/tools/universal_block_remover": {
    "criteria": {
      "has_iron": "2024-05-20 00:59:47 +0000"
    },
    "done": true
  },
  "minecraft:recipes/redstone/heavy_weighted_pressure_plate": {
    "criteria": {
      "has_iron_ingot": "2024-05-20 00:59:47 +0000"
    },
    "done": true
  },
  "minecraft:story/enter_the_end": {
    "criteria": {
      "entered_end": "2024-05-20 02:09:17 +0000"
    },
    "done": true
  },
  "farmersdelight:recipes/food/horse_feed": {
    "criteria": {
      "has_golden_carrot": "2024-05-20 01:46:46 +0000"
    },
    "done": true
  },
  "minecraft:nether/obtain_crying_obsidian": {
    "criteria": {
      "crying_obsidian": "2024-05-20 02:10:10 +0000"
    },
    "done": true
  },
  "stellarity:cursed_tome/ancient_armor": {
    "criteria": {
      "requirement3": "2024-05-20 02:54:35 +0000"
    },
    "done": true
  },
  "minecraft:recipes/building_blocks/magma_block": {
    "criteria": {
      "has_magma_cream": "2024-05-20 01:38:07 +0000"
    },
    "done": true
  },
  "farmersdelight:recipes/combat/diamond_knife": {
    "criteria": {
      "has_diamond": "2024-05-20 01:02:56 +0000"
    },
    "done": true
  },
  "fairylights:recipes/fairylights/candle_lantern": {
    "criteria": {
      "has_iron": "2024-05-20 00:59:47 +0000"
    },
    "done": true
  },
  "minecraft:recipes/combat/iron_leggings": {
    "criteria": {
      "has_iron_ingot": "2024-05-20 00:59:47 +0000"
    },
    "done": true
  },
  "fairylights:recipes/fairylights/tinsel_garland": {
    "criteria": {
      "has_iron": "2024-05-20 00:59:47 +0000"
    },
    "done": true
  },
  "minecraft:recipes/redstone/crimson_button": {
    "criteria": {
      "has_planks": "2024-05-20 03:13:36 +0000"
    },
    "done": true
  },
  "minecraft:story/obtain_armor": {
    "criteria": {
      "iron_boots": "2024-05-20 01:32:18 +0000"
    },
    "done": true
  },
  "minecraft:recipes/combat/diamond_leggings": {
    "criteria": {
      "has_diamond": "2024-05-20 01:02:56 +0000"
    },
    "done": true
  },
  "iammusicplayer:iammusicplayer/listen_to_music": {
    "criteria": {
      "listen_to_music": "2024-05-20 02:09:14 +0000"
    },
    "done": true
  },
  "twilightforest:recipes/decorations/iron_ladder": {
    "criteria": {
      "has_iron_bars": "2024-05-20 02:20:41 +0000"
    },
    "done": true
  },
  "iammusicplayer:iammusicplayer/add_music": {
    "criteria": {
      "add_music": "2024-05-20 02:07:08 +0000"
    },
    "done": true
  },
  "minecraft:end/kill_dragon": {
    "criteria": {
      "kill_dragon": "2024-05-20 02:27:15 +0000"
    },
    "done": true
  },
  "minecraft:recipes/building_blocks/polished_blackstone_brick_stairs": {
    "criteria": {
      "has_polished_blackstone_bricks": "2024-05-20 01:37:07 +0000"
    },
    "done": true
  },
  "minecraft:recipes/misc/iron_nugget_from_smelting": {
    "criteria": {
      "has_iron_pickaxe": "2024-05-20 01:02:51 +0000"
    },
    "done": true
  },
  "alexsmobs:alexsmobs/crimson_mosquito": {
    "criteria": {
      "killed_by": "2024-05-20 01:42:44 +0000"
    },
    "done": true
  },
  "securitycraft:recipes/misc/blacklist_module": {
    "criteria": {
      "has_iron": "2024-05-20 00:59:47 +0000"
    },
    "done": true
  },
  "beachparty:mini_fridge": {
    "criteria": {
      "has_iron_ingot": "2024-05-20 00:59:47 +0000"
    },
    "done": true
  },
  "minecraft:recipes/building_blocks/crimson_slab": {
    "criteria": {
      "has_planks": "2024-05-20 03:13:36 +0000"
    },
    "done": true
  },
  "minecraft:recipes/building_blocks/crimson_stairs": {
    "criteria": {
      "has_planks": "2024-05-20 03:13:36 +0000"
    },
    "done": true
  },
  "minecraft:recipes/decorations/yellow_glazed_terracotta": {
    "criteria": {
      "has_yellow_terracotta": "2024-05-20 01:17:35 +0000"
    },
    "done": true
  },
  "mcwbridges:recipes/crimson_rail_bridge": {
    "criteria": {
      "has_planks": "2024-05-20 03:13:36 +0000"
    },
    "done": true
  },
  "minecraft:story/iron_tools": {
    "criteria": {
      "iron_pickaxe": "2024-05-20 01:02:51 +0000"
    },
    "done": true
  },
  "minecraft:recipes/decorations/polished_blackstone_brick_wall_from_blackstone_stonecutting": {
    "criteria": {
      "has_blackstone": "2024-05-20 01:46:51 +0000"
    },
    "done": true
  },
  "minecraft:recipes/combat/iron_chestplate": {
    "criteria": {
      "has_iron_ingot": "2024-05-20 00:59:47 +0000"
    },
    "done": true
  },
  "minecraft:recipes/redstone/oak_trapdoor": {
    "criteria": {
      "has_planks": "2024-05-20 00:53:02 +0000"
    },
    "done": true
  },
  "securitycraft:recipes/building_blocks/reinforced_tinted_glass": {
    "criteria": {
      "has_amethyst_shard": "2024-05-20 02:27:18 +0000"
    },
    "done": true
  },
  "twilightforest:recipes/transportation/transformation_chest_boat": {
    "criteria": {
      "has_boat": "2024-05-20 00:58:48 +0000"
    },
    "done": true
  },
  "minecraft:recipes/misc/netherite_upgrade_smithing_template": {
    "criteria": {
      "has_netherite_upgrade_smithing_template": "2024-05-20 01:33:35 +0000"
    },
    "done": true
  },
  "securitycraft:recipes/misc/limited_use_keycard": {
    "criteria": {
      "has_iron": "2024-05-20 00:59:47 +0000"
    },
    "done": true
  },
  "securitycraft:recipes/misc/bouncing_betty": {
    "criteria": {
      "has_iron": "2024-05-20 00:59:47 +0000"
    },
    "done": true
  },
  "aether:recipes/combat/diamond_leggings_repairing": {
    "criteria": {
      "has_diamond_leggings": "2024-05-20 01:31:34 +0000"
    },
    "done": true
  },
  "minecraft:recipes/misc/iron_nugget": {
    "criteria": {
      "has_iron_ingot": "2024-05-20 00:59:47 +0000"
    },
    "done": true
  },
  "minecraft:recipes/misc/bucket": {
    "criteria": {
      "has_iron_ingot": "2024-05-20 00:59:47 +0000"
    },
    "done": true
  },
  "stellarity:story/journeys_end": {
    "criteria": {
      "activate_portal": "2024-05-20 02:08:52 +0000"
    },
    "done": true
  },
  "securitycraft:recipes/misc/disguise_module": {
    "criteria": {
      "has_iron": "2024-05-20 00:59:47 +0000"
    },
    "done": true
  },
  "handcrafted:recipes/misc/golden_thick_pot": {
    "criteria": {
      "has_golden_thick_pot": "2024-05-20 01:30:47 +0000"
    },
    "done": true
  },
  "minecraft:recipes/transportation/minecart": {
    "criteria": {
      "has_iron_ingot": "2024-05-20 00:59:47 +0000"
    },
    "done": true
  },
  "minecraft:recipes/tools/iron_hoe": {
    "criteria": {
      "has_iron_ingot": "2024-05-20 00:59:47 +0000"
    },
    "done": true
  },
  "minecraft:story/enter_the_nether": {
    "criteria": {
      "entered_nether": "2024-05-20 01:06:25 +0000"
    },
    "done": true
  },
  "aether:recipes/decorations/skyroot_jukebox": {
    "criteria": {
      "has_diamond": "2024-05-20 01:02:56 +0000"
    },
    "done": true
  },
  "twilightforest:recipes/transportation/canopy_chest_boat": {
    "criteria": {
      "has_boat": "2024-05-20 00:58:48 +0000"
    },
    "done": true
  },
  "minecraft:recipes/misc/gold_ingot_from_nuggets": {
    "criteria": {
      "has_gold_nugget": "2024-05-20 01:24:41 +0000"
    },
    "done": true
  },
  "sophisticatedbackpacks:recipes/misc/diamond_backpack": {
    "criteria": {
      "has_gold_backpack": "2024-05-20 01:30:11 +0000"
    },
    "done": true
  },
  "mcwbridges:recipes/crimson_log_bridge_middle": {
    "criteria": {
      "has_planks": "2024-05-20 03:13:36 +0000"
    },
    "done": true
  },
  "securitycraft:recipes/redstone/block_change_detector": {
    "criteria": {
      "has_iron": "2024-05-20 00:59:47 +0000"
    },
    "done": true
  },
  "handcrafted:recipes/misc/blackstone_corner_trim": {
    "criteria": {
      "has_blackstone_corner_trim": "2024-05-20 01:46:51 +0000"
    },
    "done": true
  },
  "fairylights:recipes/fairylights/moon_light": {
    "criteria": {
      "has_iron": "2024-05-20 00:59:47 +0000"
    },
    "done": true
  },
  "minecraft:recipes/combat/golden_helmet": {
    "criteria": {
      "has_gold_ingot": "2024-05-20 01:03:24 +0000"
    },
    "done": true
  },
  "fairylights:recipes/fairylights/candle_lantern_light": {
    "criteria": {
      "has_iron": "2024-05-20 00:59:47 +0000"
    },
    "done": true
  },
  "handcrafted:recipes/misc/crimson_shelf": {
    "criteria": {
      "has_crimson_shelf": "2024-05-20 03:13:36 +0000"
    },
    "done": true
  },
  "fairylights:recipes/fairylights/letter_bunting": {
    "criteria": {
      "has_iron": "2024-05-20 00:59:47 +0000"
    },
    "done": true
  },
  "minecraft:recipes/building_blocks/red_nether_brick_stairs_from_red_nether_bricks_stonecutting": {
    "criteria": {
      "has_red_nether_bricks": "2024-05-20 01:53:31 +0000"
    },
    "done": true
  },
  "minecraft:recipes/building_blocks/end_stone_bricks": {
    "criteria": {
      "has_end_stone": "2024-05-20 02:18:40 +0000"
    },
    "done": true
  },
  "handcrafted:recipes/misc/golden_thin_pot": {
    "criteria": {
      "has_golden_thin_pot": "2024-05-20 01:30:47 +0000"
    },
    "done": true
  },
  "minecraft:recipes/building_blocks/nether_brick_stairs": {
    "criteria": {
      "has_nether_bricks": "2024-05-20 01:53:34 +0000"
    },
    "done": true
  },
  "minecraft:story/smelt_iron": {
    "criteria": {
      "iron": "2024-05-20 00:59:47 +0000"
    },
    "done": true
  },
  "minecraft:recipes/building_blocks/nether_brick_slab": {
    "criteria": {
      "has_nether_bricks": "2024-05-20 01:53:34 +0000"
    },
    "done": true
  },
  "twilightforest:recipes/transportation/time_chest_boat": {
    "criteria": {
      "has_boat": "2024-05-20 00:58:48 +0000"
    },
    "done": true
  },
  "minecraft:recipes/transportation/acacia_chest_boat": {
    "criteria": {
      "has_boat": "2024-05-20 00:58:48 +0000"
    },
    "done": true
  },
  "iammusicplayer:iammusicplayer/root": {
    "criteria": {
      "iammusicplayer": "2024-05-20 01:33:56 +0000"
    },
    "done": true
  },
  "handcrafted:recipes/misc/crimson_table": {
    "criteria": {
      "has_crimson_table": "2024-05-20 03:13:36 +0000"
    },
    "done": true
  },
  "minecraft:recipes/building_blocks/oak_stairs": {
    "criteria": {
      "has_planks": "2024-05-20 00:53:02 +0000"
    },
    "done": true
  },
  "biomesoplenty:recipes/transportation/magic_chest_boat": {
    "criteria": {
      "has_boat": "2024-05-20 00:58:48 +0000"
    },
    "done": true
  },
  "handcrafted:recipes/misc/oak_bench": {
    "criteria": {
      "has_oak_bench": "2024-05-20 00:53:02 +0000"
    },
    "done": true
  },
  "iammusicplayer:recipes/misc/parabolic_antenna": {
    "criteria": {
      "has_ender_pearl": "2024-05-20 01:46:16 +0000"
    },
    "done": true
  },
  "minecraft:recipes/misc/netherite_scrap": {
    "criteria": {
      "has_ancient_debris": "2024-05-20 01:31:50 +0000"
    },
    "done": true
  },
  "minecraft:recipes/decorations/oak_fence": {
    "criteria": {
      "has_planks": "2024-05-20 00:53:02 +0000"
    },
    "done": true
  },
  "securitycraft:recipes/redstone/reinforced_observer": {
    "criteria": {
      "has_quartz": "2024-05-20 01:25:44 +0000"
    },
    "done": true
  },
  "handcrafted:recipes/misc/crimson_desk": {
    "criteria": {
      "has_crimson_desk": "2024-05-20 03:13:36 +0000"
    },
    "done": true
  },
  "minecraft:recipes/building_blocks/nether_brick_stairs_from_nether_bricks_stonecutting": {
    "criteria": {
      "has_nether_bricks": "2024-05-20 01:53:34 +0000"
    },
    "done": true
  },
  "fairylights:recipes/fairylights/snowflake_light": {
    "criteria": {
      "has_iron": "2024-05-20 00:59:47 +0000"
    },
    "done": true
  },
  "minecraft:recipes/misc/bone_meal": {
    "criteria": {
      "has_bone": "2024-05-20 02:10:09 +0000"
    },
    "done": true
  },
  "brewery:main/get_saturated": {
    "criteria": {
      "saturated": "2024-05-20 01:16:38 +0000"
    },
    "done": true
  },
  "biomesoplenty:recipes/building_blocks/rose_quartz_block": {
    "criteria": {
      "has_rose_quartz_chunk": "2024-05-20 01:23:21 +0000"
    },
    "done": true
  },
  "fairylights:recipes/fairylights/heart_light": {
    "criteria": {
      "has_iron": "2024-05-20 00:59:47 +0000"
    },
    "done": true
  },
  "incendium:infernal_dunes/pipeline/root": {
    "criteria": {
      "requirement": "2024-05-20 01:14:00 +0000"
    },
    "done": true
  },
  "stellarity:cursed_tome/shulker_things": {
    "criteria": {
      "requirement": "2024-05-20 02:55:06 +0000"
    },
    "done": true
  },
  "minecraft:recipes/decorations/smithing_table": {
    "criteria": {
      "has_iron_ingot": "2024-05-20 00:59:47 +0000"
    },
    "done": true
  },
  "incendium:infernal_dunes/pipeline/kill_sentry": {
    "criteria": {
      "requirement": "2024-05-20 01:14:39 +0000"
    },
    "done": true
  },
  "alexscaves:alexscaves/cave_tablet": {
    "criteria": {
      "cave_tablet": "2024-05-20 01:31:51 +0000"
    },
    "done": true
  },
  "tombstone:adventure/chain_death": {
    "criteria": {
      "coded_trigger": "2024-05-20 01:14:25 +0000"
    },
    "done": true
  },
  "biomesoplenty:recipes/transportation/redwood_chest_boat": {
    "criteria": {
      "has_boat": "2024-05-20 00:58:48 +0000"
    },
    "done": true
  },
  "beachparty:palm_tall_torch": {
    "criteria": {
      "has_coal": "2024-05-20 00:59:48 +0000"
    },
    "done": true
  },
  "minecraft:recipes/redstone/crimson_trapdoor": {
    "criteria": {
      "has_planks": "2024-05-20 03:13:36 +0000"
    },
    "done": true
  },
  "minecraft:recipes/decorations/green_glazed_terracotta": {
    "criteria": {
      "has_green_terracotta": "2024-05-20 01:18:04 +0000"
    },
    "done": true
  },
  "minecraft:recipes/transportation/cherry_chest_boat": {
    "criteria": {
      "has_boat": "2024-05-20 00:58:48 +0000"
    },
    "done": true
  },
  "stellarity:cursed_tome/hallowed_armor": {
    "criteria": {
      "requirement3": "2024-05-20 02:54:35 +0000"
    },
    "done": true
  },
  "minecraft:recipes/transportation/birch_chest_boat": {
    "criteria": {
      "has_boat": "2024-05-20 00:58:48 +0000"
    },
    "done": true
  },
  "minecraft:recipes/building_blocks/red_nether_brick_stairs": {
    "criteria": {
      "has_red_nether_bricks": "2024-05-20 01:53:31 +0000"
    },
    "done": true
  },
  "minecraft:recipes/building_blocks/coal_block": {
    "criteria": {
      "has_coal": "2024-05-20 00:59:48 +0000"
    },
    "done": true
  },
  "minecraft:recipes/decorations/polished_blackstone_wall_from_blackstone_stonecutting": {
    "criteria": {
      "has_blackstone": "2024-05-20 01:46:51 +0000"
    },
    "done": true
  },
  "biomesoplenty:recipes/transportation/dead_chest_boat": {
    "criteria": {
      "has_boat": "2024-05-20 00:58:48 +0000"
    },
    "done": true
  },
  "minecraft:recipes/tools/lead": {
    "criteria": {
      "has_slime_ball": "2024-05-20 01:12:23 +0000"
    },
    "done": true
  },
  "mcwwindows:recipes/shutters": {
    "criteria": {
      "has_wood": "2024-05-20 00:53:02 +0000"
    },
    "done": true
  },
  "mcwbridges:recipes/rope_oak_bridge": {
    "criteria": {
      "has_planks": "2024-05-20 00:53:02 +0000"
    },
    "done": true
  },
  "handcrafted:recipes/misc/oak_couch": {
    "criteria": {
      "has_oak_couch": "2024-05-20 00:53:02 +0000"
    },
    "done": true
  },
  "stellarity:story/obtain_an_ender_pearl": {
    "criteria": {
      "criteria": "2024-05-20 01:46:16 +0000"
    },
    "done": true
  },
  "tombstone:adventure/create_magic_tablet": {
    "criteria": {
      "has_magic_tablet": "2024-05-20 01:30:40 +0000"
    },
    "done": true
  },
  "minecraft:recipes/redstone/oak_button": {
    "criteria": {
      "has_planks": "2024-05-20 00:53:02 +0000"
    },
    "done": true
  },
  "mcwbridges:recipes/oak_rail_bridge": {
    "criteria": {
      "has_planks": "2024-05-20 00:53:02 +0000"
    },
    "done": true
  },
  "minecraft:recipes/decorations/nether_brick_fence": {
    "criteria": {
      "has_nether_bricks": "2024-05-20 01:53:34 +0000"
    },
    "done": true
  },
  "minecraft:recipes/building_blocks/chiseled_polished_blackstone_from_blackstone_stonecutting": {
    "criteria": {
      "has_blackstone": "2024-05-20 01:46:51 +0000"
    },
    "done": true
  },
  "minecraft:recipes/redstone/daylight_detector": {
    "criteria": {
      "has_quartz": "2024-05-20 01:25:44 +0000"
    },
    "done": true
  },
  "minecraft:recipes/combat/diamond_boots": {
    "criteria": {
      "has_diamond": "2024-05-20 01:02:56 +0000"
    },
    "done": true
  },
  "handcrafted:recipes/misc/oak_pillar_trim": {
    "criteria": {
      "has_oak_pillar_trim": "2024-05-20 00:53:02 +0000"
    },
    "done": true
  },
  "minecraft:recipes/combat/iron_sword": {
    "criteria": {
      "has_iron_ingot": "2024-05-20 00:59:47 +0000"
    },
    "done": true
  },
  "minecraft:recipes/redstone/observer": {
    "criteria": {
      "has_quartz": "2024-05-20 01:25:44 +0000"
    },
    "done": true
  },
  "minecraft:recipes/tools/iron_pickaxe": {
    "criteria": {
      "has_iron_ingot": "2024-05-20 00:59:47 +0000"
    },
    "done": true
  },
  "handcrafted:recipes/misc/oak_chair": {
    "criteria": {
      "has_oak_chair": "2024-05-20 00:53:02 +0000"
    },
    "done": true
  },
  "minecraft:recipes/combat/shield": {
    "criteria": {
      "has_iron_ingot": "2024-05-20 00:59:47 +0000"
    },
    "done": true
  },
  "simplyswords:simplyswords": {
    "criteria": {
      "requirement": "2024-05-20 02:02:31 +0000"
    },
    "done": true
  },
  "stellarity:recipes/slime_ball_from_ender_eye": {
    "criteria": {
      "has_item": "2024-05-20 02:07:59 +0000"
    },
    "done": true
  },
  "minecraft:recipes/decorations/iron_bars": {
    "criteria": {
      "has_iron_ingot": "2024-05-20 00:59:47 +0000"
    },
    "done": true
  },
  "brewery:main/eat_everything": {
    "criteria": {
      "dumplings": "2024-05-20 01:16:38 +0000"
    },
    "done": false
  },
  "twilightforest:recipes/transportation/twilight_oak_chest_boat": {
    "criteria": {
      "has_boat": "2024-05-20 00:58:48 +0000"
    },
    "done": true
  },
  "fairylights:recipes/fairylights/oil_lantern_light": {
    "criteria": {
      "has_iron": "2024-05-20 00:59:47 +0000"
    },
    "done": true
  },
  "minecraft:recipes/transportation/dark_oak_chest_boat": {
    "criteria": {
      "has_boat": "2024-05-20 00:58:48 +0000"
    },
    "done": true
  },
  "handcrafted:recipes/misc/crimson_chair": {
    "criteria": {
      "has_crimson_chair": "2024-05-20 03:13:36 +0000"
    },
    "done": true
  },
  "minecraft:recipes/building_blocks/cracked_nether_bricks": {
    "criteria": {
      "has_nether_bricks": "2024-05-20 01:53:34 +0000"
    },
    "done": true
  },
  "fairylights:recipes/fairylights/meteor_light": {
    "criteria": {
      "has_iron": "2024-05-20 00:59:47 +0000"
    },
    "done": true
  },
  "minecraft:recipes/decorations/red_nether_brick_wall_from_red_nether_bricks_stonecutting": {
    "criteria": {
      "has_red_nether_bricks": "2024-05-20 01:53:31 +0000"
    },
    "done": true
  },
  "aether:recipes/decorations/skyroot_smithing_table": {
    "criteria": {
      "has_iron_ingot": "2024-05-20 00:59:47 +0000"
    },
    "done": true
  },
  "fairylights:recipes/fairylights/star_light": {
    "criteria": {
      "has_iron": "2024-05-20 00:59:47 +0000"
    },
    "done": true
  },
  "minecraft:recipes/building_blocks/blackstone_slab_from_blackstone_stonecutting": {
    "criteria": {
      "has_blackstone": "2024-05-20 01:46:51 +0000"
    },
    "done": true
  },
  "mcwbridges:recipes/blackstone_bridge": {
    "criteria": {
      "has_planks": "2024-05-20 01:46:51 +0000"
    },
    "done": true
  },
  "minecraft:recipes/redstone/sticky_piston": {
    "criteria": {
      "has_slime_ball": "2024-05-20 01:12:23 +0000"
    },
    "done": true
  },
  "aether:recipes/combat/skyroot_iron_vanilla_shield": {
    "criteria": {
      "has_iron_ingot": "2024-05-20 00:59:47 +0000"
    },
    "done": true
  },
  "incendium:toxic_heap/slime_poison": {
    "criteria": {
      "poison": "2024-05-20 01:19:04 +0000"
    },
    "done": true
  },
  "fairylights:recipes/fairylights/paper_lantern": {
    "criteria": {
      "has_iron": "2024-05-20 00:59:47 +0000"
    },
    "done": true
  },
  "minecraft:nether/root": {
    "criteria": {
      "entered_nether": "2024-05-20 01:06:25 +0000"
    },
    "done": true
  },
  "handcrafted:recipes/misc/kitchen_hood_pipe": {
    "criteria": {
      "has_kitchen_hood_pipe": "2024-05-20 02:20:41 +0000"
    },
    "done": true
  },
  "stellarity:nether/a_step_to_the_end": {
    "criteria": {
      "criteria": "2024-05-20 02:03:41 +0000"
    },
    "done": true
  },
  "minecraft:recipes/decorations/respawn_anchor": {
    "criteria": {
      "has_obsidian": "2024-05-20 02:10:10 +0000"
    },
    "done": true
  },
  "stellarity:exploration/ender_adventurer": {
    "criteria": {
      "end_midlands": "2024-05-20 02:49:21 +0000",
      "end_barrens": "2024-05-20 03:12:45 +0000"
    },
    "done": false
  },
  "securitycraft:recipes/misc/harming_module": {
    "criteria": {
      "has_iron": "2024-05-20 00:59:47 +0000"
    },
    "done": true
  },
  "lootr:10loot": {
    "criteria": {
      "loot_stat": "2024-05-20 01:00:14 +0000"
    },
    "done": true
  },
  "minecraft:recipes/building_blocks/polished_blackstone": {
    "criteria": {
      "has_blackstone": "2024-05-20 01:46:51 +0000"
    },
    "done": true
  },
  "handcrafted:recipes/misc/bench": {
    "criteria": {
      "has_bench": "2024-05-20 00:59:47 +0000"
    },
    "done": true
  },
  "stellarity:dragons_den/cursed_tome/items/unlock_tamaris": {
    "criteria": {
      "requirement2": "2024-05-20 02:27:06 +0000"
    },
    "done": true
  },
  "farmersdelight:recipes/cooking/bone_broth": {
    "criteria": {
      "has_bone": "2024-05-20 02:10:09 +0000"
    },
    "done": true
  },
  "fairylights:recipes/fairylights/spider_light": {
    "criteria": {
      "has_iron": "2024-05-20 00:59:47 +0000"
    },
    "done": true
  },
  "stellarity:cursed_tome/pandoras_barrel": {
    "criteria": {
      "requirement2": "2024-05-20 02:54:35 +0000"
    },
    "done": true
  },
  "stellarity:adventure/anger_enderman": {
    "criteria": {
      "anger_enderman": "2024-05-20 02:43:41 +0000"
    },
    "done": true
  },
  "minecraft:recipes/redstone/oak_pressure_plate": {
    "criteria": {
      "has_planks": "2024-05-20 00:53:02 +0000"
    },
    "done": true
  },
  "aether:recipes/combat/golden_gloves": {
    "criteria": {
      "has_gold": "2024-05-20 01:03:24 +0000"
    },
    "done": true
  },
  "minecraft:end/find_end_city": {
    "criteria": {
      "in_city": "2024-05-20 02:54:35 +0000"
    },
    "done": true
  },
  "securitycraft:recipes/misc/smart_module": {
    "criteria": {
      "has_iron": "2024-05-20 00:59:47 +0000"
    },
    "done": true
  },
  "stellarity:nether/a_piece_of_otherworld": {
    "criteria": {
      "criteria": "2024-05-20 01:08:03 +0000"
    },
    "done": true
  },
  "minecraft:recipes/decorations/lime_glazed_terracotta": {
    "criteria": {
      "has_lime_terracotta": "2024-05-20 01:18:09 +0000"
    },
    "done": true
  },
  "minecraft:recipes/decorations/polished_blackstone_brick_wall_from_polished_blackstone_bricks_stonecutting": {
    "criteria": {
      "has_polished_blackstone_bricks": "2024-05-20 01:37:07 +0000"
    },
    "done": true
  },
  "aether:recipes/combat/iron_ring": {
    "criteria": {
      "has_iron_ingot": "2024-05-20 00:59:47 +0000"
    },
    "done": true
  },
  "minecraft:recipes/misc/snout_armor_trim_smithing_template_smithing_trim": {
    "criteria": {
      "has_smithing_trim_template": "2024-05-20 01:31:55 +0000"
    },
    "done": true
  },
  "handcrafted:recipes/misc/crimson_bench": {
    "criteria": {
      "has_crimson_bench": "2024-05-20 03:13:36 +0000"
    },
    "done": true
  },
  "handcrafted:recipes/misc/oak_cupboard": {
    "criteria": {
      "has_oak_cupboard": "2024-05-20 00:53:02 +0000"
    },
    "done": true
  },
  "minecraft:recipes/building_blocks/polished_blackstone_from_blackstone_stonecutting": {
    "criteria": {
      "has_blackstone": "2024-05-20 01:46:51 +0000"
    },
    "done": true
  },
  "stellarity:dragons_den/cursed_tome/items/unlock_pandoras_barrel": {
    "criteria": {
      "requirement2": "2024-05-20 02:54:35 +0000"
    },
    "done": true
  },
  "minecraft:recipes/building_blocks/polished_basalt_from_basalt_stonecutting": {
    "criteria": {
      "has_basalt": "2024-05-20 01:25:38 +0000"
    },
    "done": true
  },
  "stellarity:dragons_den/cursed_tome/items/unlock_shulker_things": {
    "criteria": {
      "requirement": "2024-05-20 02:55:06 +0000"
    },
    "done": true
  },
  "stellarity:dragons_den/cursed_tome/items/trinkets/unlock_crest_of_the_end": {
    "criteria": {
      "requirement2": "2024-05-20 02:27:06 +0000"
    },
    "done": true
  },
  "incendium:infernal_dunes/pipeline/unlimited_power": {
    "criteria": {
      "requirement": "2024-05-20 01:14:22 +0000"
    },
    "done": true
  },
  "handcrafted:recipes/misc/golden_wide_pot": {
    "criteria": {
      "has_golden_wide_pot": "2024-05-20 01:30:47 +0000"
    },
    "done": true
  },
  "minecraft:recipes/brewing/blaze_powder": {
    "criteria": {
      "has_blaze_rod": "2024-05-20 01:52:03 +0000"
    },
    "done": true
  },
  "minecraft:end/root": {
    "criteria": {
      "entered_end": "2024-05-20 02:09:17 +0000"
    },
    "done": true
  },
  "minecraft:recipes/decorations/blackstone_wall_from_blackstone_stonecutting": {
    "criteria": {
      "has_blackstone": "2024-05-20 01:46:51 +0000"
    },
    "done": true
  },
  "minecraft:recipes/redstone/crimson_fence_gate": {
    "criteria": {
      "has_planks": "2024-05-20 03:13:36 +0000"
    },
    "done": true
  },
  "enchantinginfuser:recipes/decorations/enchanting_infuser": {
    "criteria": {
      "has_amethyst_shard": "2024-05-20 02:27:18 +0000"
    },
    "done": true
  },
  "minecraft:recipes/building_blocks/amethyst_block": {
    "criteria": {
      "has_amethyst_shard": "2024-05-20 02:27:18 +0000"
    },
    "done": true
  },
  "handcrafted:recipes/misc/oak_side_table": {
    "criteria": {
      "has_oak_side_table": "2024-05-20 00:53:02 +0000"
    },
    "done": true
  },
  "minecraft:recipes/tools/iron_axe": {
    "criteria": {
      "has_iron_ingot": "2024-05-20 00:59:47 +0000"
    },
    "done": true
  },
  "minecraft:recipes/building_blocks/nether_brick_slab_from_nether_bricks_stonecutting": {
    "criteria": {
      "has_nether_bricks": "2024-05-20 01:53:34 +0000"
    },
    "done": true
  },
  "minecraft:recipes/misc/iron_nugget_from_blasting": {
    "criteria": {
      "has_iron_pickaxe": "2024-05-20 01:02:51 +0000"
    },
    "done": true
  },
  "sophisticatedbackpacks:recipes/misc/gold_backpack": {
    "criteria": {
      "has_iron_backpack": "2024-05-20 01:53:00 +0000"
    },
    "done": true
  },
  "minecraft:nether/find_bastion": {
    "criteria": {
      "bastion": "2024-05-20 01:29:37 +0000"
    },
    "done": true
  },
  "fairylights:recipes/fairylights/skull_light": {
    "criteria": {
      "has_iron": "2024-05-20 00:59:47 +0000"
    },
    "done": true
  },
  "biomesoplenty:recipes/transportation/mahogany_chest_boat": {
    "criteria": {
      "has_boat": "2024-05-20 00:58:48 +0000"
    },
    "done": true
  },
  "minecraft:recipes/tools/golden_hoe": {
    "criteria": {
      "has_gold_ingot": "2024-05-20 01:03:24 +0000"
    },
    "done": true
  },
  "stellarity:cursed_tome/zephyr": {
    "criteria": {
      "requirement": "2024-05-20 02:54:35 +0000"
    },
    "done": true
  },
  "iammusicplayer:recipes/misc/radio_antenna": {
    "criteria": {
      "has_ender_pearl": "2024-05-20 01:46:16 +0000"
    },
    "done": true
  },
  "tombstone:adventure/use_reach": {
    "criteria": {
      "has_magic_scroll": "2024-05-20 01:57:11 +0000"
    },
    "done": true
  },
  "tombstone:adventure/create_magic_scroll": {
    "criteria": {
      "has_magic_scroll": "2024-05-20 01:03:08 +0000"
    },
    "done": true
  },
  "tombstone:adventure/discreet_search": {
    "criteria": {
      "coded_trigger": "2024-05-20 01:34:48 +0000"
    },
    "done": true
  },
  "aether:recipes/transportation/skyroot_chest_boat": {
    "criteria": {
      "has_boat": "2024-05-20 00:58:48 +0000"
    },
    "done": true
  },
  "tombstone:adventure/enchant_grave_key": {
    "criteria": {
      "has_upgraded_grave_key": "2024-05-20 00:55:24 +0000"
    },
    "done": true
  },
  "stellarity:recipes/glass_from_end_stone": {
    "criteria": {
      "has_item": "2024-05-20 02:18:40 +0000"
    },
    "done": true
  },
  "minecraft:recipes/decorations/anvil": {
    "criteria": {
      "has_iron_block": "2024-05-20 01:31:53 +0000"
    },
    "done": true
  },
  "minecraft:recipes/tools/diamond_axe": {
    "criteria": {
      "has_diamond": "2024-05-20 01:02:56 +0000"
    },
    "done": true
  },
  "minecraft:recipes/building_blocks/end_stone_bricks_from_end_stone_stonecutting": {
    "criteria": {
      "has_end_stone": "2024-05-20 02:18:40 +0000"
    },
    "done": true
  },
  "minecraft:recipes/building_blocks/end_stone_brick_stairs_from_end_stone_stonecutting": {
    "criteria": {
      "has_end_stone": "2024-05-20 02:18:40 +0000"
    },
    "done": true
  },
  "aether:recipes/combat/golden_pendant": {
    "criteria": {
      "has_gold_ingot": "2024-05-20 01:03:24 +0000"
    },
    "done": true
  },
  "mcwbridges:recipes/pliers": {
    "criteria": {
      "has_planks": "2024-05-20 00:59:47 +0000"
    },
    "done": true
  },
  "handcrafted:recipes/misc/crimson_nightstand": {
    "criteria": {
      "has_crimson_nightstand": "2024-05-20 03:13:36 +0000"
    },
    "done": true
  },
  "aether:recipes/tools/diamond_shovel_repairing": {
    "criteria": {
      "has_diamond_shovel": "2024-05-20 01:38:05 +0000"
    },
    "done": true
  },
  "aether:recipes/combat/iron_boots_repairing": {
    "criteria": {
      "has_iron_boots": "2024-05-20 01:32:18 +0000"
    },
    "done": true
  },
  "minecraft:recipes/brewing/brewing_stand": {
    "criteria": {
      "has_blaze_rod": "2024-05-20 01:52:03 +0000"
    },
    "done": true
  },
  "minecraft:recipes/redstone/iron_door": {
    "criteria": {
      "has_iron_ingot": "2024-05-20 00:59:47 +0000"
    },
    "done": true
  },
  "stellarity:cursed_tome/trinkets/crest_of_the_end": {
    "criteria": {
      "requirement2": "2024-05-20 02:27:06 +0000"
    },
    "done": true
  },
  "minecraft:recipes/building_blocks/blackstone_stairs_from_blackstone_stonecutting": {
    "criteria": {
      "has_blackstone": "2024-05-20 01:46:51 +0000"
    },
    "done": true
  },
  "mcwbridges:recipes/rope_crimson_bridge": {
    "criteria": {
      "has_planks": "2024-05-20 03:13:36 +0000"
    },
    "done": true
  },
  "minecraft:recipes/misc/mojang_banner_pattern": {
    "criteria": {
      "has_enchanted_golden_apple": "2024-05-20 02:30:14 +0000"
    },
    "done": true
  },
  "minecraft:recipes/combat/golden_leggings": {
    "criteria": {
      "has_gold_ingot": "2024-05-20 01:03:24 +0000"
    },
    "done": true
  },
  "DataVersion": 3465
}